Cachalots a la rencontre des geants,Docu,2018,VINCENT Guillaume,CINe FILMS EUROPE
Cold war,Fiction,2018,PAWLIKOWSKI Pawel,MK PRODUCTIONS
Editeur,Fiction,2018,OTCHAKOVSKI-LAURENS Paul,LES FILMS DU RAT
Fahim,Fiction,2018,MARTIN LAVAL Pierre-Francois,WAITING FOR CINeMA ET ALICeLeO
Kat people,Docu,2018,GASTINE Marco,LES FILMS DU TAMBOUR DE SOIE
Maya,Fiction,2018,HANSEN-LOVE Mia,LFP - LES FILMS PELLeAS
Monsieur,Fiction,2018,GERA Rohena,CINe SUD PROMOTION
Positive school,Fiction,2018,AYOUCH Nabil,LES FILMS DU NOUVEAU MONDE
Territoires,Fiction,2018,OELHOFFEN David,ONE WORLD FILMS
A 2 heures de Paris,Fiction,2017,VERRIER Virginie,VIGO FILMS
Amanda,Fiction,2017,HERS Mikhael,NORD-OUEST FILMS
C'est ca l'amour,Fiction,2017,BURGER Claire,DHARAMSALA
Fils de Garches,Docu,2017,GENDARME Remi,THE KINGDOM ET WAG PROD
Jewell stone,Fiction,2017,DUMAS Sandrine,PIO & CO
Mrs Mills,Fiction,2017,MARCEAU Sophie,LES FIMS DU CAP
Nous Tikopia,Docu,2017,FAJAL Corto,LES FILMS DE L'HEURE BLEUE
Pachamama,Anim,2017,ANTIN Juan,FOLIVARI ET O2B
The captain,Fiction,2017,SCWENTKE Robert,ALFAMA FILMS PRODUCTION
Bienvenue a Marly-Gomont,Fiction,2016,RAMBALDI Julien,E.D.I. FILMS
Georges et mavie,Fiction,2016,GIRARD Elise,KINOELEKTRON
Insight,Fiction,2016,MENNEGUN Cyril,UNITE DE PRODUCTION
Que le diable nous emporte,Fiction,2016,BRISSEAU Jean-Claude,LA SORCIERE ROUGE
La Vita possibile,Fiction,2016,DE MATTEO Ivano,BARBARY FILMS
Return to Montauk,Fiction,2016,SCHLONDORFF Volker,ORSANS PRODUCTIONS
MARIAGE CHEZ LES BODIN'S,Fiction,2008,LE ROCH Eric,AGENCE BJP
DELWENDE LEVE-TOI ET MARCHE,Fiction,2005,YAMEOGO S. Pierre,DUNIA PRODUCTIONS
D'UN FILM A L'AUTRE,Documentaire,2009,LELOUCH Claude,LES FILMS 13
LA NOSTRA VITA,Fiction,2009,LUCHETTI Daniele,BABE FILMS
TOUTES LES FILLES PLEURENT,Fiction,2009,GODRECHE Judith,MOBY DICK FILMS
JE NE VOUS OUBLIERAI JAMAIS,Fiction,2007,KANE Pascal,TITA PRODUCTIONS
NUIT CANNOISE,Fiction,2007,VANDELET Christian,CARTEL PRODUCTIONS
ENTRE ADULTES,Fiction,2006,BRIZE Stephane,LES FILMS 13
GRABUGE,Fiction,2006,MOCKY Jean-Pierre,MOCKY DELICIOUS PRODUCTS
TENJA,Fiction,2003,LEGZOULI Hassan,WHY NOT PRODUCTIONS
AFRICAN SAFARI 3D,Documentaire,2012,STASSEN Ben,STUDIOCANAL
CAUGHT IN FLIGHT,Fiction,2012,HIRSCHBIEGEL Oliver,LE PACTE
EASTERN BOYS,Fiction,2012,CAMPILLO Robin,LES FILMS DE PIERRE
MARUSSIA,Fiction,2012,PERVOLOVICI Eva,KINOELEKTRON
TOUR DU FASO,Documentaire,2012,HUYGEN Wilm,LA HUIT PRODUCTION
VENDANGES,Documentaire,2012,LACOSTE Paul,EVERYBODY ON DECK
Dieu protege ma fille,Fiction,2014,BOUZID Leyla,BLUE MONDAY PRODUCTIONS
Un homme a la mer,Fiction,2014,DOIGNON Geraldine,KIZMAR FILMS
Akwaba,Fiction,2013,MARIAGE Benoit,FORMOSA PRODUCTIONS
Chromobiles,Docu,2013,LACHAUD Valerie Elodie,SCOTTO PRODUCTIONS
Divorce a la francaise,Fiction,2013,SEBBAGH Dorothee,LES FILMS DU 24
Macadam popcorn,Docu,2013,POZZI Jean-Pierre,CIEL DE PARIS PRODUCTIONS
Weekend of a champion,Docu,2013,POLANSKI Roman,RP PRODUCTIONS
Faut pas lui dire,Fiction,2015,CICUREL Solange,OTHER ANGLE PICTURES
Louise en hiver,Anim,2015,LAGUIONIE Jean-Francois,JPL FILMS
Project lazarus,Fiction,2015,GIL Mateo,NOODLES PRODUCTION
Secret d'hiver,Fiction,2015,HARTER Vincent,HAKA VISION
Wolf and sheep,Fiction,2015,SADT Shahrbanoo,LA FABRICA NOCTURNA
BERNARD NI DIEU NI CHAUSSETTES,Documentaire,2010,BOUCHER Pascal,LES MUTINS DE PANGEE
CAFE DE FLORE,Fiction,2010,VALLEE Jean-Marc,MONKEY PACK FILMS
EL IMPENETRABLE,Documentaire,2010,INCALCATERRA Daniele,LES FILMS D'ICI
NENETTE,Documentaire,2010,PHILIBERT Nicolas,LES FILMS D'ICI
TEODORA PECHERESSE,Documentaire,2010,HIRTE Anca,LES FILMS D'ICI
TON PROCHAIN,Fiction,2010,RIITTA CICCONE Anne,ASTRA FILMS
VOIE RAPIDE,Fiction,2010,RODRIGUEZ Christophe,SESAME FILMS
GLORIA MUNDI 2004,Fiction,2004,PAPATAKIS Nico,NIO PRODUCTION
ULTRANOVA,Fiction,2004,LANNERS Philippe,QUO VADIS CINEMA
UN HEROS,Fiction,2004,GAMBOA Zeze,LES FILMS DE L'APRES MIDI
Andy,Fiction,2018,WEILL Julien,MY FAMILY ET DAVIS FILMS
Beau joueur,Docu,2018,GLEIZE Delphine,LES PRODUCTIONS BALTHAZAR
Camille,Fiction,2018,LOJKINE Boris,UNITe DE PRODUCTION
Cunningham aka Cunningham 3D,Docu,2018,KOVGAN Alla,ARSAM INTERNATIONAL
Magic 7,Fiction,2018,KRAWCZYK Gerard,ADNP ET PROFIDEV
Touch me not,Fiction,2018,PINTILIE Adina,LES FILMS DE L'ETRANGER
Walter,Fiction,2018,SOUDJIAN Varante,VERTIGO PRODUCTIONS
Anna,Fiction,2017,BESSON Luc,EUROPACORP
Gauguin,Fiction,2017,DELUC Edouard,MOVE MOVIE
Meltem,Fiction,2017,DOGANIS Basile,ELZeVIR FILMS
Plein la vue !,Fiction,2017,LYON Philippe,LAS NINAS PICTURES
Sage femme,Fiction,2017,PROVOST Martin,CURIOSA FILMS
Tout l'or du monde,Docu,2017,CACCIA Andrea,PICOFILMS
Une part d'ombre,Fiction,2017,TILMAN Samuel,GOOD FORTUNE FILMS ET URBAN FACTORY
Vigile,Fiction,2017,BENSAIDI Faouzi,BARNEY PRODUCTION
Dans la tete d'Alain Ducasse,Docu,2016,DE MAISTRE Gilles,OUTSIDE FILMS
Happy end,Fiction,2016,HANEKE Michael,LES FILMS DU LOSANGE
Luna,Fiction,2016,DIRINGER Elsa,EX NIHILO
Paranoia Park,Fiction,2016,MERCIER Bruno,LES MURES SAUVAGES
Rodin,Fiction,2016,DOILLON Jacques,LES FILMS DU LENDEMAIN
Sales gosses,Fiction,2016,QUIRING Frederic,LES FILMS DU 24
Tazzeka,Fiction,2016,GAUD Jean-Paul,TAKKA FILMS
Un sac de billes,Fiction,2016,DUGUAY Christian,MITICO
Wallaye !,Fiction,2016,GOLDBLAT Berni,BATHYSPHERE PRODUCTIONS
Ana mon amour,Fiction,2016,NETZER Calin Peter,SOPHIE DULAC PRODUCTIONS
Something useful,Fiction,2016,ESMER Pelin,LES FILMS DE L'APRES MIDI
AU BOUT DU MONDE A GAUCHE,Fiction,2003,NESHER Avi,DAVIS FILMS
CARLITOS 13 MEDELLIN,Documentaire,2003,SAUVAIRE Jean-Stephane,KILLERS FILM
SALVADOR ALLENDE,Documentaire,2003,GUZMAN Patricio,JBA PRODUCTION
STRATOSPHeRE GIRL,Fiction,2003,OBERG Matthias X.,PARADIS FILMS
ESSAYE-MOI,Fiction,2005,MARTIN LAVAL Pierre-Francois,ARP
UN PRINTEMPS A PARIS,Fiction,2004,BRAL Jacques,THUNDER FILMS INTERNATIONAL
419,Fiction,2013,BARTONIO Eric,ADHESIVE PRODUCTION
Mange tes morts,Fiction,2013,HUE Jean-Charles,CAPRICCI PRODUCTION
APRES LE SUD,Fiction,2010,JAUFFRET Jean-Jacques,EXPLICIT FILMS
ARTICLE 23,Fiction,2010,DELEPINE Jean-Pierre,LA FEMME ENDORMIE
PAS A PAS,Documentaire,2010,LI Blanca,FILM ADDICT
STALINGRAD LOVERS,Fiction,2010,ALBERT Fleur,LA HUIT PRODUCTION
TOMBOY,Fiction,2010,SCIAMMA Celine,HOLD UP FILMS ET PRODUCTIONS
TOUS COBAYES ?,Documentaire,2010,JAUD Jean-Paul,J+B SEQUENCES
UN NUAGE DANS UN VERRE D'EAU,Fiction,2010,SAMARASINGHE Srinath,AVENUE B PRODUCTIONS
UNE EDUCATION NORVEGIENNE,Fiction,2010,LIEN Jens,LES FILMS D'ANTOINE
DIAS DE GRACIA,Fiction,2011,GRAUTOFF Gout Valerio,ARP
ETRE LA,Documentaire,2011,SAUDER Regis,SHELLAC SUD
HOMME AU BAIN,Fiction,2011,HONORE Christophe,LES FILMS DU BELIER
Coup de chaud,Fiction,2014,JACOULOT Raphael,TS PRODUCTIONS
Dealer,Fiction,2014,HERBULOT Jean-Luc,MULTIPASS PROD
Dictashot,Fiction,2014,LADJIMI Moktar,DAY FOR NIGHT PRODUCTIONS
Flux,Fiction,2014,BENTOUMI Farid,LES FILMS VELVET
ORLANDO FERITO,Documentaire,2012,DIEUTRE Vincent,LA HUIT PRODUCTION
RIVES,Fiction,2012,HOSTIOU Armel,BOCALUPO FILMS
IRINA PALM,Fiction,2006,GABARSKI Sam,LIAISON CINEMATOGRAPHIQUE
JE SUIS DE TITOV VELES,Fiction,2006,STRUGAR MITEVSKA Teona,SILKROAD PRODUCTION
TEHILIM,Fiction,2006,NADJARI Raphael,SHILO FILMS
CLeMENCE,Fiction,2007,BUCHTER Franck,ART'H PRODUCTIONS
FOOL MOON,Fiction,2007,L'HOTSKY Jerome,AFCD PRODUCTION
ON VERRA DEMAIN,Fiction,2007,AVIZANDA Francisco,FAIR FILMS
ELeVE LIBRE,Fiction,2008,LAFOSSE Joachim,MACT PRODUCTIONS
RIO SEX COMEDY,Fiction,2008,NOSSITER Jonathan,CINEMA DEPENDANT
SIMON KONIANSKI,Fiction,2008,WALD Micha,LES FILMS DU CHERCHE MIDI
A mon age je me cache encore pour fumer,Fiction,2015,OBERMEYER Rayhana,KG PRODUCTIONS
Compte tes blessures,Fiction,2015,SIMON Morgan,KAZAK PRODUCTIONS
Dogs,Fiction,2015,MIRICA Bogdan,EZ FILMS
Noces,Fiction,2015,STREKER Stephan,FORMOSA PRODUCTIONS
Sierra nevada,Fiction,2015,PUIU Cristi,ALCATRAZ FILMS
So Long,Fiction,2015,MERCIER Bruno,LES FRAISES SAUVAGES
Suburra,Fiction,2015,SOLLIMA Stefano,LA CHAUVE SOURIS
Chamboultout,Fiction,2018,LAVAINE Eric,SAME PLAYER
Divorce club,Fiction,2018,YOUN Michael,RADAR FILMS ET SND
Frankie,Fiction,2018,SACHS Ira,SBS PRODUCTIONS
J'aime mon patron,Docu,2018,GRAVELLE Brice,LES MUTINS DE PANGeE
Joueurs,Fiction,2018,MONGE Marie,THE FILM
Monsieur,Docu,2018,DELAHOUSSE Laurent,MAGNETO PROD ET LA BAMBOLA
Paris calligrammes,Docu,2018,OTTINGER Ulrike,IDeALE AUDIENCE
Saint inconnu,Fiction,2018,ALJEM Alaa Eddine,ALTAMAR FILMS
Sauver ou perir,Fiction,2018,TELLIER Frederic,SINGLE MAN PRODUCTIONS
Un grand voyage vers la nuit,Fiction,2018,GAN Bi,CHARLES GILLIBERT CG CINeMA
Ricordi ?,Fiction,2017,MIELI Valerio,LES FILMS D'ICI
Sunset,Fiction,2017,NEMES Laszlo,FD PRODUCTION
Chouquette,Fiction,2016,GODEAU Patrick,WAITING FOR CINEMA
Gangsterdam,Fiction,2016,LEVY Romain,LES PRODUCTIONS DU TRESOR
Jeune femme,Fiction,2016,SERAILLE Leonore,BLUE MONDAY PRODUCTIONS
Links of life,Fiction,2016,ROUX Marie-Helene,1DIVIDED FILMS
Otez-moi d'un doute,Fiction,2016,TARDIEU Carine,KARE PRODUCTIONS
Telle mere telle fille,Fiction,2016,SAGLIO Noemie,FLAMME FILMS
EN CE TEMPS LA L'AMOUR,Fiction,2004,JOUANNET Irene,SOPHIE DULAC PRODUCTIONS
Conversation animee avec Noam Chomsky,Anim,2014,GONDRY Michel,PARTIZAN FILMS
Cosmos,Fiction,2014,ZULAWSKI Andrzej,ALFAMA FILMS PRODUCTION
D'amour et de dettes,Fiction,2014,AVIZANDA Francisco,FAIR FILMS
Enfants valises,Docu,2014,DE LAUZANNE Xavier,ALOEST PRODUCTIONS
Entre amis - valse politique a Bruxelles,Docu,2014,BERNET David,SEPPIA
Submersion,Fiction,2014,PLACE Marine,SENSITO FILMS
Yzkor,Fiction,2014,NADJARI Raphael,THE FRENCH CONNECTION
ILLUSIONES OPTICAS,Fiction,2009,JIMENEZ Cristian,LES FILMS DU REQUIN
SQUAT LA VILLE EST A NOUS,Documentaire,2009,COELLO Christophe,CP PRODUCTIONS
VIVA RIVA !,Fiction,2009,TUNDA WA MUNGA Djo,FORMOSA PRODUCTIONS
360,Fiction,2011,MEIRELLES Fernando,FIDELITE FILMS
SACRE GRA,Documentaire,2011,ROSI Gianfranco,LA FEMME ENDORMIE
Cent annees de pardon,Fiction,2015,CALPARSORO Daniel,MARE NOSTRUM PRODUCTIONS
Nomades,Fiction,2015,COUSSEMACQ Olivier,LOCAL FILMS
AVANT-POSTE,Fiction,2008,PARRAUD Emmanuel,SOCIETE CHATEAU ROUGE PRODUCTION
COCO CHANEL & IGOR STRAVINSKY,Fiction,2008,KOUNEN Jan,EUROWIDE FILM PRODUCTION
KURDISH LOVER,Documentaire,2008,HAHN Clarisse,LES FILMS DU PRESENT
NULLE PART TERRE PROMISE,Fiction,2008,FINKIEL Emmanuel,LE PREMIER POISSON
PLEIN SUD,Fiction,2008,LIFSHITZ Sebastien,AD VITAM PRODUCTION
BOVINES OU LA VRAIE VIE DES VACHES,Documentaire,2012,GRAS Emmanuel,BATHYSPHERE PRODUCTIONS
INSIDE OUT,Documentaire,2012,SIDDONS Alastair,JRSA
JASMINE,Animation,2012,UGHETTO Alain,LES FILMS DU TAMBOUR DE SOIE
VERSAILLES,Fiction,2007,SCHOELLER Pierre,LFP
Voyage vers la mere,Fiction,2013,KOSYREV-NESTEROV Mikhail,FLUID COMPANY
SERKO,Fiction,2005,FARGES Joel,CDP
UN CIEL ePICe,Fiction,2003,BOULMETIS Tassos,MC2 PRODUCTIONS
Flesh out,Docu,2018,OCCHIPINTI Michela,MACT PRODUCTIONS
Freres d'arme,Fiction,2018,LABROSSE Sylvain,LA VIE EST BELLE FILMS ASSOCIeS ET ORIFLAMME FILMS
Haut perches,Fiction,2018,DUCASTEL Olivier,REMORA FILMS
Photograph-women,Docu,2018,SPARATORE Ester,TIRESIAS FILMS
Tijuana bible,Fiction,2018,HUE Jean-Charles,AVALON
Un divan A Tunis,Fiction,2018,LABIDI Manele,KAZAK PRODUCTIONS
Une fille facile,Fiction,2018,ZLOTOWSKI Rebecca,LES FILMS VELVET
Versus,Fiction,2018,VALLA Francois,PLAYGROUND FILMS
Ce qu'il nous reste de la revolution,Fiction,2017,DAVIS Judith,AGAT FILMS & CIE ET APSARA FILMS
Du soleil dans mes yeux,Fiction,2017,GIRAUD Nicolas,FReRES ZAK PRODUCTION
Duelles,Fiction,2017,MASSET DEPASSE Olivier,HAUT ET COURT
Incident A Ghost Land,Fiction,2017,LAUGIER Pascal,5656 FILMS
Nos vies formidables,Fiction,2017,GODET Fabienne,LE BUREAU FILMS
Passed by Censor,Fiction,2017,KARAASLAN Serhat,SILEX
Petra,Fiction,2017,ROSALES Jaime,LES PRODUCTIONS BALTHAZAR
Sofia,Fiction,2017,BENM'BAREK Meryem,CURIOSA FILMS
The Dishwasher,Fiction,2017,GUEZ Jeremie,ATCHAFALAYA FILMS ET LABYRINTHE FILMS
The man who killed Don Quixote,Fiction,2017,GILLIAM Terry,KINOLOGY
A Prayer before Dawn,Fiction,2016,SAUVAIRE Jean-Stephane,SENORITA FILMS
Avril et Djam,Fiction,2016,GATLIF Tony,PRINCES PRODUCTION
Evolution,Fiction,2016,HADZIHALILOVIC Lucile,LES FILMS DU WORSO
Sel,Docu,2016,HESPEL Olivier,LES PRODUCTIONS DU LAGON
Antropoid,Fiction,2016,ELLIS Sean,VINGT DEUX HEURES VINGT DEUX
Neruda,Fiction,2016,LARRAIN Pablo,FUNNY BALLOONS
Seara de vento,Fiction,2016,TREFAUT Sergio,LES FILMS D'ICI
FRERES,Fiction,2003,DE CHOUDENS Xavier,AGAT FILMS ET CIE
A LONG WAY FROM HOME,Fiction,2012,GILBERT Virginia,SUPERBE FILMS
BANANOT,Fiction,2012,FOX Eytan,CHIC FILMS SAS
ENTRE LES BRAS LA CUISINE EN HERITAGE,Documentaire,2012,LACOSTE Paul,EVERYBODY ON DECK
MONSIEUR DELACOUR,Fiction,2012,GHEORGHITA Corneliu,MILONGA PRODUCTIONS
NOS HEROS SONT MORTS CE SOIR,Fiction,2012,PERRAULT David,MILLE ET UNE PRODUCTIONS
PHENIX ADAGIO,Documentaire,2012,ZERBIB Christian,VEO2MAX
SHADOW DANCER,Fiction,2011,MARSH James,WILD BUNCH
COEUR ANIMAL,Fiction,2009,CORNAMUSAZ Severine,ADR PRODUCTIONS
HUMAN ZOO,Fiction,2009,RASMUSSEN Rie,EUROPACORP
BAS-FONDS,Fiction,2008,LE BESCO Isild,SANGSHO
J'AIMERAIS PARTAGER LE PRINTEMPS AVEC QUELQU'UN,Documentaire,2008,MORDER Joseph,LA VIE EST BELLE FILMS ASSOCIES
CONGO RIVER AU-DELA DES TENEBRES,Documentaire,2005,MICHEL Thierry,LES FILMS D'ICI
J'AURAIS VOULU ETRE UN DANSEUR,Fiction,2005,BERLINER Alain,LIAISON CINEMATOGRAPHIQUE
SEPT ANS,Fiction,2005,HATTU Jean-Pascal,LES FILMS DU BELIER
Sarah Maldoror,Docu,2014,ORIACH Stephan,MYRIAPODUS FILMS EDITIONS
Vulcania,Fiction,2014,SKAF Jose,RAN ENTERTAINMENT
1001 grammes,Fiction,2013,HAMER Bent,SLOT MACHINE
Esto es lo que hay,Docu,2013,RINALDI Lea,ALEA FILMS
Lili Rose,Fiction,2013,BALLOUARD Bruno,OFFSHORE
The Lady in portrait,Fiction,2013,DE MEAUX Charles,ANNA SANDERS FILMS
IMPUNITE,Documentaire,2010,LOZANO Juan,DOLCE VITA FILMS
NOS ENFANTS NOUS ACCUSERONT,Documentaire,2007,JAUD Jean-Paul,J+B SEQUENCES
CE QUE MES YEUX ONT VU,Fiction,2006,DE BARTILLAT Laurent,SHILO FILMS
Francofonia le Louvre sous l'occupation,Docu,2013,SOKUROV Aleksandr,IDEALE AUDIENCE
Givors,Docu,2013,SANTANA Andrea,AGAT FILMS ET CIE
Je ne suis pas mort,Fiction,2013,BEN ATTIA Medhi,MERCREDI FILMS
La Danza de la realidad,Fiction,2013,JODOROWSKY Alejandro,CAMERA ONE
Memoire vive,Fiction,2013,BRETON Pascale,ZADIG FILMS
COULEURS D'ORCHESTRE,Documentaire,2005,TREILHOU Marie-Claude,LES FILMS D'ICI
JOUR APReS JOUR,Documentaire,2005,FARGIER Jean-Paul,EX NIHILO
NOBLE ART,Documentaire,2005,DEUX Pascal,BUDDY MOVIES
TOI ET MOI,Fiction,2005,LOPES-CURVAL Julie,SOMBRERO PRODUCTIONS
UNE ROMANCE ITALIENNE,Fiction,2005,MAZZACURATI Carlo,ORSANS PRODUCTIONS
Cafard,Anim,2014,BULTHEEL Jan,SUPERPROD
Maintenant ils peuvent venir,Fiction,2014,BRAHIMI Salem,KG PRODUCTIONS
Seule comme une baignoire,Fiction,2014,LANG Rachel,CHEVALDEUXTROIS
Veritable histoire de Robin des Bois,Fiction,2014,MARCIANO Anthony,ADAMA
Au-dela des montagnes,Fiction,2015,ZHANG KE Jia,MK PRODUCTIONS
Cami a casa,Fiction,2015,RODRIGUEZ Pol,NOODLES PRODUCTION
Little Go Girls,Docu,2015,DE LATOUR Eliane,SARL TAGGAMA
Ouvert la nuit,Fiction,2015,BAER Edouard,LES FILMS EN CABINE
Stan,Fiction,2015,RICHARD-SERRANO Magaly,BLUE MONDAY PRODUCTIONS
MORGEN,Fiction,2010,CRISAN Marian,SLOT MACHINE
PHOTO,Fiction,2012,SABOGA Carlos,ALFAMA FILMS PRODUCTION
DE GUERRE LASSES,Documentaire,2003,BECUE-RENARD Laurent,ALICE FILMS
GERBOISE BLEUE,Documentaire,2008,OUAMAB Djamel,KALAME FILMS
JCVD,Fiction,2008,EL MECHRI Mabrouk,GAUMONT
SAGAN,Fiction,2008,KURYS Diane,ALEXANDRE FILMS
UN CHAT UN CHAT,Fiction,2008,FILLIERES Sophie,PIERRE GRISE PRODUCTIONS
APReS LA CHUTE,Fiction,2007,SALEEM Hiner,AGAT FILMS ET CIE
NORD-PARADIS,Documentaire,2006,LAMOTTE Christophe,CAURI FILM
ALL GOOD CHILDREN,Fiction,2009,DUFFY Alicia,CINEMA DEFACTO
INFILTRATION,Fiction,2009,KOSASHVILI Dover,SOPHIE DULAC PRODUCTIONS
Au nom de la terre,Fiction,2018,BERGEON Edouard,NORD-OUEST FILMS
Dernier amour,Fiction,2018,JACQUOT Benoit,LES FILMS DU LENDEMAIN ET JPG FILMS
Etre vivant et le savoir,Fiction,2018,CAVALIER Alain,CAMeRA ONE
Justice en cours,Docu,2018,SALIS Robert,BANDITS
Mektoub my love : Intermezzo,Fiction,2018,KECHICHE Abdellatif,QUAT'SOUS FILMS
Mon frere,Fiction,2018,ABRAHAM Julien,EX NIHILO
Mon inconnue,Fiction,2018,GELIN Hugo,ZAZI FILMS ET MARS CINeMA
On a 20 ans pour changer le monde,Docu,2018,MEDIGUE Helene,RENDEZ-VOUS PRODUCTION
Full frontal,Fiction,2017,VIDAL-NAQUET Camille,LES FILMS DE LA CROISADE
Kairos le moment opportun,Fiction,2017,BUENAVENTURA VIDAL Nicolas,PETIT FILM ET LES FILMS DU RAT
Kings,Fiction,2017,GAMZE ERGUVEN Deniz,CG CINeMA INTERNATIONAL
Larguees,Fiction,2017,LANG Eloise,ESTRELLA PRODUCTIONS ET PATHe PRODUCTION
Premieres vacances,Fiction,2017,CASSIR Patrick,THE FILM
Tout la-haut,Fiction,2017,HAZANAVICIUS Serge,MY FAMILY ET ROUGE INTERNATIONAL
Un couteau dans le coeur,Fiction,2017,GONZALEZ Yann,CHARLES GILLIBERT CG CINeMA
20 ans apres - histoire d'une deliberation,Docu,2016,VASSAULT Florent,ANDOLFI
Clichy kids,Docu,2016,FROMENTAL Antoine,MILLE ET UNE PRODUCTIONS
Django Melodies,Fiction,2016,COMAR Etienne,CURIOSA FILMS
Game girls,Docu,2016,SKRZESZEWSKA Alina,FILMS DE FORCE MAJEURE
Tout nous separe,Fiction,2016,KLIFA Thierry,LES FILMS DU KIOSQUE
Ciel rouge,Fiction,2015,LORELLE Olivier,MILLE ET UNE PRODUCTIONS
Comme une chanson americaine,Fiction,2015,AVEDIKIAN Serge,MOBY DICK FILMS
Tsili,Fiction,2013,GITAI Amos,AGAV FILMS SARL
AB IRATO SOUS L'EMPIRE DE LA COLERE,Fiction,2010,BOCCAROSSA Dominique,LES FILMS D'ICI
AU CUL DU LOUP,Fiction,2010,DUCULOT Pierre,PERSPECTIVE FILMS
SAUVAGE,Fiction,2010,AMIGUET Jean-Francois,PERSPECTIVE FILMS
SI TU MEURS JE TE TUE !,Fiction,2010,SALEEM Hiner,MACT PRODUCTIONS
All inclusive,Fiction,2018,ONTENIENTE Fabien,MARVELOUS PRODUCTIONS ET CURIOSA FILMS
Isola,Fiction,2018,DESCHAMPS Fabianny,PARAISO PRODUCTION DIFFUSION ET POMME HURLANTE FILMS
Je te promets d'etre sage,Fiction,2018,LE PAGE Ronan,EASY TIGER
M,Docu,2018,ZAUBERMAN Yolande,CHARLES GILLIBERT CG CINeMA ET PHOBICS
Mignonnes,Fiction,2018,DOUCOURE Maimouna,ZANGRO
Mon corps vous ensevelira,Fiction,2018,LA PAROLA Giovanni,CINEMORGANA
Mr Gay Syria,Docu,2018,TOPRAK Ayse,LES FILMS D'ANTOINE
Never grow old,Fiction,2018,KAVANAGH Ivan,REZO PRODUCTIONS
Shine your eyes,Fiction,2018,MARIANI Matias,MPM FILM
Skokan,Fiction,2018,VACLAV Petr,CINEMA DEFACTO
Belle et Sebastien 3 : le dernier chapitre,Fiction,2017,CORNILLAC Clovis,RADAR FILMS ET EPITHeTE FILMS
Intime conviction,Fiction,2017,RAIMBAULT Antoine,DELANTE FILMS ET DELANTE CINeMA
Madame B histoire d'une nord-coreenne,Docu,2017,YUN Jero,ZORBA PRODUCTION
Mariana,Fiction,2017,SAID Marcela,CINeMA DEFACTO
Mon tissu prefere,Fiction,2017,JIJI Gaya,GLORIA FILMS ET DUBLIN FILMS
Polaire,Docu,2017,COLLARDEY Samuel,GEKO FILMS
Train de vies,Fiction,2017,VECCHIALI Paul,DIALECTIK
Une jeunesse sauvage,Fiction,2017,CARPENTIER Frederic,MADELEINE FILMS
9 doigts,Fiction,2016,OSSANG Francois Jacques,10 : 15 PRODUCTIONS
Alibi.com,Fiction,2016,LACHAUX Philippe,FECHNER FILMS
Bad buzz,Fiction,2016,KAZANDJIAN Stephane,ECHO FILMS
Cherchez la femme,Fiction,2016,ABADI Sou,THE FILM
Seuls,Fiction,2016,MOREAU David,ECHO FILMS
Si tu voyais son coeur,Fiction,2016,CHEMLA Joan,NORD-OUEST FILMS
Sivoupleee,Fiction,2016,DE CHAUVERON Philippe,PULSAR PRODUCTIONS
La Cordillera,Fiction,2016,MITRE Santiago,MANEKI FILMS
HOW I KILLED A SAINT,Fiction,2004,STRUGAR MITEVSKA Teona,SILKROAD PRODUCTION
VENDREDI OU UN AUTRE JOUR,Fiction,2004,LE MOINE Yvan,ARTISAN FILMS
CLAIR OBSCUR,Fiction,2011,VON WACKERBARTH Nicolas,LES FILMS D'ANTOINE
QUEEN OF MONTREUIL,Fiction,2011,ANSPACH Solveig,EX NIHILO
REVES DE POUSSIERE,Fiction,2005,SALGUES Laurent,ATHENAISE
13 M?,Fiction,2008,GROSSMAN Barthelemy,NESSVA FILMS
ORLY POEM 1-4,Fiction,2009,SCHANELEC Angela,LA VIE EST BELLE FILMS ASSOCIES
Eva et Leon,Fiction,2014,CHERPITEL Emilie,ELIANEANTOINETTE
GIRAFFADA,Fiction,2012,MASSALHA Rani,MACT PRODUCTIONS
Belle fille,Fiction,2018,MARCAGGI Meliane,MY FAMILY
Premieres solitudes,Docu,2018,SIMON Claire,SOPHIE DULAC PRODUCTIONS
Technoboss,Fiction,2018,NICOLAU Joao,SHELLAC SUD
We blew it,Docu,2018,THORET Jean-Baptiste,SECTION 5
Au poste,Fiction,2017,DUPIEUX Quentin,L'ATELIER DE PRODUCTION
Bonnes meres,Fiction,2017,HERZI Hafsia,QUAT'SOUS FILMS
C'est pour cela que vous etes nes ?,Fiction,2017,JUDE Radu,LES FILMS D'ICI
Frontieres,Fiction,2017,WOYE TRAORE Apolline,ARAUCANIA FILMS
Leila,Fiction,2017,AYADI Naidra,NOLITA CINeMA ET ARDIMAGES
Les aventures de Spirou et Fantasio,Fiction,2017,COFFRE Alexandre,MOANA FILMS ET CURIOSA FILMS
Love me not,Fiction,2017,AVRANAS Alexandros,LES FILMS DU LENDEMAIN
Une histoire de l'art,Fiction,2017,BERNARD Lucas,LES GRANDS ESPACES FILMS
Carre 35,Docu,2016,CARAVACA Eric,LES FILMS DU POISSON
Chacun sa vie et son ultime conviction,Fiction,2016,LELOUCH Claude,LES FILMS 13
Diamond Island,Fiction,2016,CHOU Davy,AURORA FILMS
Lola Pater,Fiction,2016,MOKNECHE Nadir,BLUE MONDAY PRODUCTIONS
Milla,Fiction,2016,MASSADIAN Valerie,CINEMA DEFACTO
Razzia,Fiction,2016,AYOUCH Nabil,UNITE DE PRODUCTION
Revolution Sida,Docu,2016,CHAUDIER Frederic,NOODLES PRODUCTION
Insyriated,Fiction,2016,VAN LEEUW Philippe,LIAISON CINEMATOGRAPHIQUE
EXILS,Fiction,2003,GATLIF Tony,PRINCES FILMS
FREESTYLE,Fiction,2003,CHOMIENNE Caroline,APNE PROD
THE SHADOW DANCER,Fiction,2004,MIRMAN Brad,CLOSEUP FILMS
D'UN VILLAGE A L'AUTRE,Fiction,2005,NATSIS Costa,LOVE STREAMS AGNES B. PRODUCTIONS
KLIMT,Fiction,2005,RUIZ Raoul,GEMINI FILMS
DARK TOUCH,Fiction,2012,DE VAN Marina,EX NIHILO
SINGING WOMEN,Fiction,2012,ERDEM Reha,KMBO PRODUCTION
UPGRADE,Fiction,2012,BUCH Franziska,DRIMAGE
LIEUX SAINTS,Documentaire,2010,TENO Jean-Marie,LES FILMS DU RAPHIA
NI A VENDRE NI A LOUER,Fiction,2010,RABATE Pascal,LOIN DERRIERE L'OURAL
Apres la bataille,Fiction,2013,LECLERE Simon,PERSPECTIVE FILMS
Canibal,Fiction,2013,CUENCA Manuel Martin,LUMINOR
Chalvet une longue marche vers la dignite,Docu,2013,MAUDUECH Camille,LES FILMS DU MARIGOT
Du goudron et des plumes,Fiction,2013,RABATE Pascal,LOIN DERRIERE L'OURAL
Lichtjahre,Fiction,2013,HOCHHAUSLER Christoph,MACT PRODUCTIONS
Miss Julie,Fiction,2013,ULLMANN Liv,SENORITA FILMS
UNE VIE TOUTE NEUVE,Fiction,2009,LECOMTE Ounie,GLORIA FILMS PRODUCTION
COUNTRY TEACHER,Fiction,2007,SLAMA Bohdan,WHY NOT PRODUCTIONS
Nuits blanches sur la jetee,Fiction,2014,VECCHIALI Paul,DIALECTIK
CENDRILLON AU FAR WEST,Animation,2011,HeROLD Pascal,HEROLD & FAMILY
CRAWL,Fiction,2011,LASGOUTTES Herve,SENSITO FILMS
OUF,Fiction,2011,CORIDIAN Yann,TABO TABO FILMS
BOXES,Fiction,2006,BIRKIN Jane,LES FILMS DE LA CROISADE
YVETTE BON DIEU !,Documentaire,2006,CHATENAY Sylvestre,ADR PRODUCTIONS
AU VOLEUR,Fiction,2008,PETIT Sarah,LES FILMS HATARI
Cigarettes et chocolat chaud,Fiction,2015,REINE Sophie,MANDARIN CINEMA
Couple in a hole,Fiction,2015,GEENS Tom,LES ENRAGES
Jamais contente,Fiction,2015,DELEUZE Emilie,AGAT FILMS ET CIE
Sangue del moi sangue,Fiction,2015,BELLOCCHIO Marco,BARBARY FILMS
Bernard,Fiction,2018,DE CHOUDENS Xavier,AGAT FILMS ET CIE
Demons in paradise,Docu,2018,RATNAM Jude,SISTER PRODUCTIONS
Rojo,Fiction,2018,NAISHTAT Benjamin,ECCE FILMS
Si demain?,Fiction,2018,GODET Fabienne,LE BUREAU FILMS
Vic le viking le film,Anim,2018,CAZES Eric,STUDIO 100 ANIMATION
15 minutes de guerre,Fiction,2017,GRIVOIS Fred,CAPTURE THE FLAG FILMS
Ami-ami,Fiction,2017,SAINT MACARY Victor,NORD OUEST FILMS
Grande-Synthe,Docu,2017,CAMURAT JAUD Beatrice,J+B SeQUENCES
Maman est morte,Fiction,2017,LE MASNE Christophe,TAKAMI PRODUCTIONS
Mon brillantissime divorce,Fiction,2017,LAROQUE Michele,NOLITA CINeMA ET PRINCESSE BELI
Sun,Fiction,2017,DESOINDRE Jonathan,LES PRODUITS FRAIS ET ROUGE INTERNATIONAL
Cornelius le meunier hurlant,Fiction,2016,LE QUELLEC Yann,AGAT FILMS ET CIE
Kinoa,Anim,2016,MARTIN Jean-Loup,CENDRANE FILMS
Paris la blanche,Fiction,2016,TERKI Lidia,DAY FOR NIGHT PRODUCTIONS
Julie-Aicha,Fiction,2016,EL MAANOUNI Ahmed,XAY PRODUCTIONS
Stefan Zweig adieu l'Europe,Fiction,2016,SCHRADER Maria,IDEALE AUDIENCE
DADDY DADDY USA,Documentaire,2004,HODGSON Pierre,MK2
IL SERA UNE FOIS,Fiction,2004,VEYSSET Sandrine,OGNON PICTURES
VOICI VENU LE TEMPS,Fiction,2004,GUIRAUDIE Alain,LFP
BLANCHE NEIGE LA SUITE,Animation,2003,WALRAVENS Jean-Paul,TCHIN TCHIN PRODUCTION
STEP BY STEP,Fiction,2003,MERLIN Laurent,MANDALA PRODUCTIONS
ANDALUCIA,Fiction,2005,GOMIS Alain,MILLE ET UNE PRODUCTIONS
SECTEUR 545,Documentaire,2005,CRETON Pierre,ATLANTE PRODUCTIONS
WAH WAH,Fiction,2005,GRANT Richard E.,LOMA NASHA PRODUCTIONS
Colonia dignidad,Fiction,2015,GALLENBERGER Florian,REZO PRODUCTIONS
El dorado - la rinconada,Docu,2015,LAMAS Salome,SHELLAC SUD
I.t.,Fiction,2015,MOORE John,VINGT DEUX HEURES VINGT DEUX
Tale of tales,Fiction,2015,GARRONE Matteo,LE PACTE
MOBILE HOME,Fiction,2011,PIROT Francois,URBAN FACTORY
Cosmodrama,Fiction,2013,FERNANDEZ Philippe,ATOPIC
Gaby baby doll,Fiction,2013,LETOURNEUR Sophie,ECCE FILMS
Il Ragazzo invisible,Fiction,2013,SALVATORES Gabriele,BABE FILMS
Jamel,Docu,2013,MARLIN Jean-Bernard,SYNECDOCHE
Moomins on the riviera,Anim,2013,PICARD Xavier,PICTAK CIE
UN ROMAN POLICIER,Fiction,2006,DUVIVIER Stephanie,MAT FILMS
? TIREZ LA LANGUE MADEMOISELLE !,Fiction,2012,ROPERT Axelle,LFP
WRONG COPS,Fiction,2012,DUPIEUX Quentin,REALITISM FILMS SARL
CHANTRAPAS,Fiction,2009,IOSSELIANI Otar,PIERRE GRISE PRODUCTIONS
DOG POUND,Fiction,2009,CHAPIRON Kim,PARTIZAN FILMS
MEMORY LANE,Fiction,2009,HERS Mikhael,LES FILMS DE LA GRANDE OURSE
KOMMUNALKA,Documentaire,2007,HUGUIER Francoise,LES FILMS D'ICI
LADS & JOCKEYS,Documentaire,2007,MARQUET Benjamin,GROUPE DEUX
UN HOMME PERDU,Fiction,2007,ARBID Danielle,MK2
ZION & SON FRERE,Fiction,2007,MERAV Eran,MK2
7 MINUTES AU PARADIS,Fiction,2008,GIVON Omri,EZ FILMS
AU NOM DES TROIS COULEURS,Documentaire,2008,RICHARD Chantal,AGAT FILMS ET CIE
C'EST PARTI,Documentaire,2010,DE CASABIANCA Camille,ARCHIPEL 33
KIDNAPPES,Fiction,2010,VIVAS Miguel Angel,LA FABRIQUE 2
Alice et le maire,Fiction,2018,PARISER Nicolas,BIZIBI
Arthur et Celia,Fiction,2018,JOLIVET Pierre,2.4.7. FILMS
Ballade pour un coeur en miettes,Fiction,2018,ECONOMIDES Yannis,EZ FILMS
Fugue,Docu,2018,BENKI Artemio,PETIT A PETIT PRODUCTION
Furie,Fiction,2018,ABBOU Olivier,VINGT DEUX HEURES VINGT DEUX ET ALLIANCE PRODUCTION CINeMATOGRAPHIQUE
Martin Eden,Fiction,2018,MARCELLO Pietro,SHELLAC SUD
Music stax Academy,Docu,2018,SOBELMAN Hugo,SRAB FILMS ET LIAISON CINeMATOGRAPHIQUE
Retour a Bollene,Fiction,2018,HAMICH Said,BARNEY PRODUCTION
The county,Fiction,2018,HAKONARSON Grimur,HAUT ET COURT
D'apres une histoire vraie,Fiction,2017,POLANSKI Roman,WY PRODUCTIONS
L'Empereur de Paris,Fiction,2017,RICHET Jean-Francois,MANDARIN PRODUCTION ET GAUMONT
Aurore,Fiction,2016,LENOIR Blandine,KARE PRODUCTIONS
Grand froid,Fiction,2016,PAUTONNIER Gerard,ELZEVIR FILMS
Message from the King,Fiction,2016,DU WELZ Fabrice,THE JOKERS FILMS
Mon ange,Fiction,2016,CLEVEN Harry,APRES LE DELUGE
Virus,Fiction,2016,FRANTZIS Angelos,MEZZANINE FILMS
COWBOY ANGELS,Fiction,2007,MASSEE Kim,ARTWORX FILMS
OU EST LA MAIN DE L'HOMME SANS TETE,Fiction,2007,MALANDRIN Guillaume,LIAISON CINEMATOGRAPHIQUE
BEAUTY,Fiction,2011,HERMANUS Olivier,EQUATION
JEAN DE LA LUNE,Animation,2011,SCHESCH Stephan,LE PACTE
DANS PARIS,Fiction,2006,HONORE Christophe,GEMINI FILMS
SeQUENCES MONGOLES,Documentaire,2006,SIMON Xavier,ARTCAM INTERNATIONAL
CONDOR : LES AXES DU MAL,Documentaire,2004,VAZQUEZ Rodrigo,ARTICLE Z
MISS MONTIGNY,Fiction,2004,VAN HOOGENBEMT Miel,KALEO FILMS
20 CENTIMETRES,Fiction,2005,SALAZAR Ramon,DIVINE PRODUCTIONS
DIAS DE CAMPO - JOURNEES A LA CAMPAGNE,Fiction,2005,RUIZ Raoul,MARGO FILMS
ECOUTE LE TEMPS,Fiction,2005,ALFANDARI Alante,LES FILMS D'ANTOINE
HOUSE OF NINE,Fiction,2005,MONROE Steven,ART'MELL
SUZANNE,Fiction,2005,CANDAS Viviane,GEMINI FILMS
C'est le metier qui rentre,Fiction,2015,KURYS Diane,ALEXANDRE FILMS
Dans la foret,Fiction,2015,MARCHAND Gilles,LES FILMS DE FRANCOISE
Family film,Fiction,2015,OMERZU Olmo,ROUGE INTERNATIONAL
La voz en off,Fiction,2015,JIMENEZ Cristian,ROUGE INTERNATIONAL
Une histoire americaine,Fiction,2015,HOSTIOU Armel,BOCALUPO FILMS
Vienne avant la nuit,Docu,2015,BOBER Robert,LES FILMS DU POISSON
Viva la sposa,Fiction,2015,CELESTINI Ascanio,AETERNAM FILMS
DIAZ,Fiction,2012,VICARI Daniele,LE PACTE
DJECA ENFANTS DE SARAJEVO,Fiction,2012,BEGIC Aida,LES FILMS DE L'APRES MIDI
JE M'APPELLE HMMM?,Fiction,2012,TROUBLE Agnes,LOVE STREAMS AGNES B. PRODUCTIONS
OPERACION E,Fiction,2012,COURTOIS Miguel,AJOZ FILMS
Goal of the Dead seconde mi-temps,Fiction,2013,POIRAUD Thierry,CAPTURE THE FLAG FILMS
Je me tue a le dire,Fiction,2013,SERON Xavier,TOBINA FILM
LEA,Fiction,2010,ROLLAND Bruno,PARAISO PRODUCTION DIFFUSION
NUIT BLANCHE,Fiction,2010,JARDIN Frederic,CHIC FILMS SAS
J'avancerai vers toi avec les yeux d'un sourd,Docu,2014,CARTON Laetitia,KALEO FILMS
J'demande pas la lune juste quelques etoiles,Fiction,2014,COUDRAY Robert,PROVIDENCE FILMS
Peur de rien,Fiction,2014,ARBID Danielle,LFP
Repas de famille,Fiction,2014,SALFATI Pierre-Henri,IN PRODUCTION
A CIEL OUVERT,Documentaire,2009,COMPAN Ines,MOSAIQUE FILMS
NOSTALGIE DE LA LUMIERE,Documentaire,2009,GUZMAN Patricio,ATACAMA PRODUCTIONS
9 MM,Fiction,2008,BARMAN Taylan,DOLCE VITA FILMS
LAGERFELD CONFIDENTIEL,Documentaire,2008,MARCONI Rodolphe,REALITISM FILMS SARL
Au temps du cannibalisme,Docu,2018,EDKINS Teboho,KINOELEKTRON
Just kids,Fiction,2018,BLANC Christophe,BLUE MONDAY PRODUCTIONS
Mise a nue,Fiction,2018,SELIGNAC Arnaud,AUTHENTIC MEDIA
Out,Docu,2018,PARROT Denis,DRYADES FILMS ET UPSIDE FILMS
Papy sitter,Fiction,2018,GUILLARD Philippe,SAME PLAYER ET GAUMONT
Proxima,Fiction,2018,WINOCOUR Alice,DHARAMSALA ET DARIUS FILMS
Sauvages,Fiction,2018,BERRY Dennis,ALFAMA FILMS PRODUCTION
Un monde plus grand,Fiction,2018,BERTHAUD Fabienne,HAUT ET COURT
Un tramway a Jerusalem,Fiction,2018,GITAI Amos,CDP ET AGAV FILMS
Amin,Fiction,2017,FAUCON Philippe,ISTIQLAL FILMS
Eva,Fiction,2017,JACQUOT Benoit,MACASSAR PRODUCTIONS
Lady Winsley,Fiction,2017,SALEEM Hiner,AGAT FILMS & CIE
Raoul Taburin,Fiction,2017,GODEAU Pierre,PAN-EUROPeENNE
Souffle bleu,Docu,2017,AREIAS Rodrigo,GLADYS GLOVER FILMS
Sujet libre,Fiction,2017,THEODORAKIS Stella,ARIZONA PRODUCTIONS
The mercy of the jungle,Fiction,2017,KAREKEZI Joel,TACT PRODUCTION
Trois jours a Quiberon,Fiction,2017,ATEF Emily,SOPHIE DULAC PRODUCTIONS
Entre les frontieres,Docu,2016,MOGRABI Avi,LES FILMS D'ICI
Especes menacees,Fiction,2016,BOURDOS Gilles,LES FILMS DU LENDEMAIN
Et derriere moi une cage vide,Fiction,2016,ARDANT Fanny,ALFAMA FILMS PRODUCTION
Menina,Fiction,2016,PINHEIRO Cristina,MEZZANINE FILMS
Profession cineaste,Docu,2016,BRAL Jacques,THUNDER FILMS INTERNATIONAL
Sofas,Fiction,2016,VILLOVITCH Helena,ECCE FILMS
Fatima les sentiers de l'ame,Fiction,2016,CANIJO Joao,LES FILMS DE L'APRES MIDI
Hier,Fiction,2016,KENYERES Balint,LES FILMS DE L'APRES MIDI
Nils,Fiction,2016,NEHARI Ram,TABO-TABO FILMS
AMAZON FOREVER,Fiction,2003,DUTILLEUX Jean-Pierre,GENTLEMAN FILMS
BIGUINE,Fiction,2003,DESLAURIERS Guy,KREOL PRODUCTIONS
DANS LE ROUGE DU COUCHANT,Fiction,2003,COZARINSKY Edgardo,LES FILMS D'ICI
EL CANTOR,Fiction,2003,MORDER Joseph,LA VIE EST BELLE FILMS ASSOCIES
FAIS-MOI REVER,Fiction,2003,KATU Jacky,JACQUES LE GLOU AUDIOVISUEL
CALL ME AGOSTINO,Fiction,2005,LAURENT Christine,GEMINI FILMS
CASSES,Documentaire,2012,TREBAL Nadege,MAIA CINEMA
KIDON,Fiction,2012,NACCACHE Emmanuel,LES FILMS MANUEL MUNZ
POST TENEBRAS LUX,Fiction,2012,REYGADAS Carlos,LE PACTE
SUPER TRASH,Fiction,2012,LOUGE ESPOSITO Martin,MOTHER AND SON
UNE PROMESSE,Fiction,2012,LECONTE Patrice,FIDELITE FILMS
VOYAGE SANS RETOUR,Fiction,2012,GERARD Francois,OREO
WINDOWS,Fiction,2012,VIGALONDO Nacho,WILD BUNCH
AU LARGE,Fiction,2004,MARZAL Francois-Christophe,GEMINI FILMS
ITINeRAIRES,Fiction,2004,OTZENBERGER Christophe,EX NIHILO
LILI ET LE BAOBAB,Fiction,2004,RICHARD Chantal,AGAT FILMS ET CIE
ON THE RUMBA RIVER,Documentaire,2004,SARASIN Jacques,LES PRODUCTIONS FAIRE BLEU
Dancing Arabs,Fiction,2013,RIKLIS Eran,MACT PRODUCTIONS
Du sable a la poussiere,Docu,2013,PARIS Arnaud,SYSMIC FILMS
Graziella,Fiction,2013,CHAREF Medhi,KG PRODUCTIONS
Iranien,Docu,2013,TAMADON Mehran,L'ATELIER DOCUMENTAIRE
Orient-extreme,Fiction,2013,DESCHAMPS Jacques,LES PRODUCTIONS BALTHAZAR
Un amour,Docu,2013,COPANS Richard,LES FILMS D'ICI
INDIGENE D'EURASIE,Fiction,2007,BARTAS Sharunas,LAZENNEC ET ASSOCIES
CASSOS,Fiction,2011,CARRESE Philippe,COMIC STRIP PRODUCTION
GRANDPUITS & PETITES VICTOIRES,Documentaire,2011,AZAM Olivier,LES MUTINS DE PANGEE
QUELQUES JOURS DE REPIT,Fiction,2011,HAKKAR Amor,SARAH FILMS
MAGMA,Fiction,2008,VINOUR Pierre,LES ENRAGES
THE DUCHESS,Fiction,2008,DIBB Saul,PATHE PRODUCTION
Tramontane,Fiction,2015,BOULGHOURJIAN Vatche,LE BUREAU FILMS
Anna,Fiction,2014,TOULEMONDE VIDAL Jacques,NOODLES PRODUCTION
BESA,Fiction,2008,KARANOVIC Srdjan,ASAP FILMS
JE NE DIS PAS NON,Fiction,2008,LOLITCH Iliana,ADR PRODUCTIONS
QU'UN SEUL TIENNE ET LES AUTRES SUIVRONT?,Fiction,2008,FEHNER Lea,REZO PRODUCTIONS
RIEN A PERDRE,Documentaire,2008,MEUNIER Jean-Henri,K PRODUCTION
A COUP SÃ›R,Fiction,2012,DE VIGAN Delphine,EPITHETE FILMS
PIONNIER,Fiction,2012,SKJOLDBJAERG Erik,LES FILMS D'ANTOINE
PUPPY LOVE,Fiction,2012,LEHERICEY Delphine,LIAISON CINEMATOGRAPHIQUE
A TRAVERS LA FORET,Fiction,2005,CIVEYRAC Jean-Paul,LFP
FARO LA REINE DES EAUX,Fiction,2005,TRAORE Salif,PAV COMMUNICATION
SILENT HILL,Fiction,2005,GANS Christophe,DAVIS PRODUCTION SH
TRANSE,Fiction,2005,VILLAVERDE Teresa,GEMINI FILMS
2 automnes 3 hivers,Fiction,2013,BETBEDER Sebastien,ENVIE DE TEMPETE PRODUCTION
Goal of the Dead premiere mi-temps,Fiction,2013,ROCHER Benjamin,CAPTURE THE FLAG FILMS
Queen and country,Fiction,2013,BOORMAN John,LE PACTE
OPERATION 118 318 SEVICES CLIENTS,Fiction,2009,BAILLARGEON Julien,118 PRODUCTIONS
SEVERN LA VOIX DE NOS ENFANTS,Documentaire,2009,JAUD Jean-Paul,J+B SEQUENCES
CONG BINH  LA LONGUE NUIT INDOCHINOISE,Documentaire,2010,LE Lam,ADR PRODUCTIONS
EN VILLE,Fiction,2010,MREJEN Valerie,AURORA FILMS
BLACK,Fiction,2007,LAFFARGUE Pierre,CHIC FILMS SAS
Z 32,Documentaire,2007,MOGRABI Avi,LES FILMS D'ICI
Beaux-parents,Fiction,2018,CABELLO REYES Hector,KABO FILMS
Demain je traverse,Fiction,2018,FARSI Sepideh,CINe SUD PROMOTION
Femme-enfant,Fiction,2018,HAMZAWI Amro,ECCE FILMS
Liberte,Fiction,2018,SERRA Albert,IDeALE AUDIENCE
Nos batailles,Fiction,2018,SENEZ Guillaume,LFP - LES PRODUCTIONS PELLeAS
Perdrix,Fiction,2018,LE DUC Erwan,DOMINO FILMS
Poivre et sel,Fiction,2018,BRACQ Fabrice,LES FILMS MANUEL MUNZ ET SND
Territoria,Fiction,2018,MARTIROSYAN Nora,SISTER PRODUCTIONS
Becassine,Fiction,2017,PODALYDES Bruno,WHY NOT PRODUCTIONS
Deux fils,Fiction,2017,MOATI Felix,NORD-OUEST FILMS
Girls with balls,Fiction,2017,AFONSO Olivier,NOODLES PRODUCTION ET C QUATRE PRODUCTIONS
Ma Reum,Fiction,2017,QUIRING Frederic,LES FILMS DU 24
Mes freres,Fiction,2017,GUERRY Bertrand,MITIKI
Ou es-tu Joao Gilberto ?,Docu,2017,GACHOT Georges,IDeALE AUDIENCE
Plaire baiser et courir vite,Fiction,2017,HONORE Christophe,LFP - LES FILMS PELLeAS
Carbone,Fiction,2016,MARCHAL Olivier,LES FILMS MANUEL MUNZ
Dieudamne,Fiction,2016,KRAMSKI Kris,SERCA SOCIETE D'ETUDES ET DE REALISATION CHIMIQUE ET ARTISTIQUE
H4-93,Fiction,2016,AYACHE-VIDAL Olivier,L'ATELIER DE PRODUCTION
Il a deja tes yeux,Fiction,2016,JEAN BAPTISTE Lucien,NOLITA CINEMA
Land,Fiction,2016,JALALI Babak,THE CUP OF TEA
Moon hotel Kaboul,Fiction,2016,DAMIAN Anca,CINEMA DEFACTO
The House that Jack built,Fiction,2016,VON TRIER Lars,SLOT MACHINE
ALLEZ YALLAH !,Documentaire,2006,THORN Jean-Pierre,CARGO FILMS
SI LE VENT SOULEVE LES SABLES,Fiction,2006,HANSEL Marion,ASAP FILMS
TERESA DE AVILA,Fiction,2006,LORIGA Ray,ARTEDIS
Antocha,Fiction,2014,FERET Rene,FILMS ALYNE
Pourquoi m'as-tu abandonne ?,Fiction,2014,MORAG Hadar,EZ FILMS
Tete baissee,Fiction,2014,KALEV Kamen,LE PACTE
Zouzou,Fiction,2014,LENOIR Blandine,LOCAL FILMS
Amoureux solitaires,Fiction,2015,VERHEYDE Sylvie,LES FILMS DU VEYRIER
Manuel de liberation,Docu,2015,KUSNETSOV Alexander,PETIT A PETIT PRODUCTION
Rosenn,Fiction,2015,LE MOINE Yvan,ARTISAN FILMS
Walden,Fiction,2015,HORACKOVA Bojena,SEDNA FILMS
Adorables,Fiction,2018,CICUREL Solange,OTHER ANGLE PICTURES
Chambord le cycle eternel,Docu,2018,CHARBONNIER Laurent,MC4
Jusqu'ici tout va bien,Fiction,2018,HAMIDI Mohamed,ADNP ET KISSFILMS
On l'appelait Roda,Docu,2018,SILVERA Charlotte,LIBERTe FILMS
Regarde-moi,Fiction,2018,BELKADHI Nejib,MILLE ET UNE PRODUCTIONS
Strahinja,Fiction,2018,ARSENIJEVIC Stefan,SURPRISE ALLEY
Sur le plancher des vaches,Fiction,2018,TEMPO Fabrice,SCOTTO PRODUCTIONS
Un vrai bonhomme,Fiction,2018,PARENT Benjamin,DELANTE PRODUCTIONS
Weldi,Fiction,2018,BEN ATTIA Mohamed,TANIT FILMS
Gun city,Fiction,2017,DE LA TORRE Daniel,FD PRODUCTION ET NOODLES PRODUCTION
High life,Fiction,2017,DENIS Claire,ALCATRAZ FILMS
Madagascar 1947 passe sous silence,Docu,2017,PAES Marie-Clemence,LATeRIT PRODUCTIONS
Mauvaises herbes,Fiction,2017,TABIB-GHAFARI Kheiron Manoocher,PAIVA FILMS
Music from the films of Abel Ferrera,Docu,2017,FERRARA Abel,BATHYSPHeRE PRODUCTIONS
Sans adieu,Docu,2017,AGOU Christophe,LES ENRAGeS
Tel Aviv on fire,Fiction,2017,ZOABI Sameh,TS PRODUCTIONS
A la rencontre de mon pere,Docu,2016,DIAGO Alassane,LES FILMS HATARI
A la sueur de ton front,Docu,2016,GRAS Emmanuel,BATHYSPHERE PRODUCTIONS
Bonne Pomme,Fiction,2016,QUENTIN Florence,THELMA FILMS
Croc Blanc,Anim,2016,ESPIGARES Alexandre,SUPERPROD
Dans les pas de Trisha Brown,Docu,2016,REBOIS Marie-Helene,KALEO FILMS
Dilili a Paris,Anim,2016,OCELOT Michel,NORD-OUEST FILMS
Tous les reves du monde,Fiction,2016,FERREIRA BARBOSA Laurence,ALFAMA FILMS PRODUCTION
Vaurien,Fiction,2016,SENOUSSI Mehdi,K2 PRODUCTIONS
BENA,Fiction,2008,KLAINER Niv,EZ FILMS
IGOR,Animation,2008,LEONDIS Anthony,EXODUS PRODUCTIONS
MAGIQUE,Fiction,2008,MUYL Philippe,PAN-EUROPEENNE
MANIQUERVILLE LE TEMPS RETROUVe,Documentaire,2008,CRETON Pierre,CAPRICCI FILMS
SOEUR SOURIRE,Fiction,2008,CONINX Stinj,PARADIS FILMS
NORDESTE,Fiction,2004,SOLANAS Juan,ONYX FILMS
VENDUES,Fiction,2004,JEAN Jean-Claude,SARL KEY LIGHT
DRIFT AWAY,Fiction,2009,SICARD Daniel,MILLE ET UNE PRODUCTIONS
HH HITLER A HOLLYWOOD,Fiction,2009,SOJCHER Frederic,POLARIS FILM PRODUCTION & FINANCE
UN HOMME QUI CRIE,Fiction,2009,HAROUN Mahamat-Saleh,PILI FILMS
UNE AFFAIRE DE NEGRES,Documentaire,2009,LEWAT Osvalde,AUDIOVISUEL MULTIMEDIA INTERNATIONAL PRODUCTION
BAD DAY LUCY,Fiction,2005,SERRA Koldo,DIVINE PRODUCTIONS
JARDINS EN AUTOMNE,Fiction,2005,IOSSELIANI Otar,PIERRE GRISE PRODUCTIONS
J'IRAI CRACHER SUR VOS TONGS,Fiction,2005,TOESCA Michel,ELLABEL PRODUCTIONS ALAIN B BELLON
TABOUS,Documentaire,2005,FARAHANI Mitra,LES FILMS DU REQUIN
THE PASSENGER,Fiction,2005,ROTGER Francois,LES FILMS A UN DOLLAR
AIDE-TOI ET LE CIEL T'AIDERA,Fiction,2007,DUPEYRON Francois,ARP
QUATRE NUITS AVEC ANNA,Fiction,2007,SKOLIMOWSKI Jerzy,ALFAMA FILMS PRODUCTION
Aga,Fiction,2013,SALEEM Hiner,AGAT FILMS ET CIE
Alleluia,Fiction,2013,DU WELZ Fabrice,RADAR FILMS
Bogota,Fiction,2013,LOLLI Franco,GEKO FILMS
Brides,Fiction,2013,KAJRISHVILI Tinatin,AD ASTRA FILMS
Mademoiselle C,Docu,2013,CONSTANT Fabien,BLACK DYNAMITE FILMS
Hypnodream,Fiction,2014,BOUGEROL Sophie,"""ULUDANU"""
Libres !,Docu,2014,JAUD Jean-Paul,J+B SEQUENCES
Outcast,Fiction,2014,POWELL Nick,VINGT DEUX HEURES VINGT DEUX
De la ou tu es tu peux m'entendre,Fiction,2015,MARTIN Jean-Philippe,OFFSHORE
Hors cadre,Fiction,2015,SENEZ Guillaume,OFFSHORE
Jours de France,Fiction,2015,REYBAUD Jerome,CHAZ PRODUCTIONS
BLIND WATCHING,Fiction,2011,JAKIMOWSKI Andrzej,KMBO PRODUCTION
UN MeDIANOCHE,Fiction,2011,PREUSS Shalimar,ECCE FILMS
INCH'ALLAH,Fiction,2012,BARBEAU-LAVALETTE Anais,ID UNLIMITED
INVADER,Fiction,2012,CALPARSORO Daniel,MANDARIN CINEMA
KABALE,Fiction,2012,NAJMAN Charles,SEDNA FILMS
LEONES,Fiction,2012,LOPEZ Maria Jazmin,PETIT FILM
VOYAGE EN GUEDIGUIAN,Documentaire,2012,SASIA Bernard,AGAT FILMS ET CIE
HIDEAWAYS,Fiction,2010,MERLET Agnes,FIDELITE FILMS
MEME LA PLUIE,Fiction,2010,BOLLAIN Iciar,MANDARIN CINEMA
A L'EST DE MOI,Fiction,2006,HORACKOVA Bojena,LE PREMIER POISSON
DANS LA VILLE DE SYLVIA,Fiction,2006,GUERIN Jose Luis,SOCIETE CHATEAU ROUGE PRODUCTION
J'AI TOUJOURS ReVe D'eTRE UN GANGSTER,Fiction,2006,BENCHETRIT Samuel,FIDELITE FILMS
ON NE DEVRAIT PAS EXISTER,Fiction,2006,GUSTAVE Herve P.,HERVE PIERRE-GUSTAVE PRODUCTION-REALISATION
THE BROKEN,Fiction,2006,ELLIS Sean,GAUMONT
TOUT EST PARDONNe,Fiction,2006,HANSEN-LOVE Mia,LFP
Bourachka,Fiction,2018,TAYAA Walid,MAT PRODUCTIONS
Edmond,Fiction,2018,MICHALIK Alexis,LeGENDE FILMS ET GAUMONT
El Arbol de la sangre,Fiction,2018,MEDEM Julio,NOODLES PRODUCTION
Histoire d'Orly,Fiction,2018,TENE K Francis,PATOU FILMS INTERNATIONAL
J'ai perdu mon corps,Anim,2018,CLAPIN Jeremy,XILAM ANIMATION
Je voudrais que quelqu'un m'attende quelque part,Fiction,2018,VIARD Arnaud,EASY TIGER
Kombissiri,Docu,2018,LETZGUS Rene,STAR PRODUCTION
Mon chien stupide,Fiction,2018,ATTAL Yvan,SAME PLAYER ET MONTAUK FILMS
Samsam,Anim,2018,DE KERMEL Tanguy,FOLIVARI
Una storia senza nome,Fiction,2018,ANDO Roberto,AGAT FILMS & CIE
A woman at war,Fiction,2017,ERLINGSSON Benedikt,SLOT MACHINE
Jeux dangereux,Fiction,2017,SEIDL Ulrich,SOCIeTe PARISIENNE DE PRODUCTION
Mister Freeze,Fiction,2017,GAVRAS Romain,ICONOCLAST FILMS ET CHI-FOU-MI PRODUCTIONS
Roulez jeunesse,Fiction,2017,GUETTA Julien,SRAB FILMS ET RECTANGLE PRODUCTIONS
Todos lo saben,Fiction,2017,FARHADI Asghar,MEMENTO FILMS PRODUCTION
Un peuple et son roi,Fiction,2017,SCHOELLER Pierre,ARCHIPEL 35
Vert desert,Docu,2017,DROUET Francois-Xavier,L'ATELIER DOCUMENTAIRE
Wajib,Fiction,2017,JACIR Annemarie,JBA PRODUCTION
120 battements par minute,Fiction,2016,CAMPILLO Robin,LES FILMS DE PIERRE
Felicite,Fiction,2016,GOMIS Alain,ANDOLFI
Jour J,Fiction,2016,KHERICI Reem,MANDARIN PRODUCTION
Night Fare,Fiction,2016,SERI Julien,DAIGORO FILMS
Passeurs,Docu,2016,VARELA Pamela,ANANDA PRODUCTIONS
Petit vampire,Anim,2016,SFAR Joann,AUTOCHENILLE PRODUCTION
Un jour ca ira,Docu,2016,ZAMBEAUX Stanislas,MAGNETO PROD
Zin'naariya!,Fiction,2016,KEITA Rahmatou,REMORA FILMS
Cosmic Candy,Fiction,2016,DRAGASAKI Rinio,EX NIHILO
Refuge,Fiction,2016,RIKLIS Eran,MACT PRODUCTIONS
Thelma,Fiction,2016,TRIER Joachim,LE PACTE
MUR,Documentaire,2003,BITTON Simone,CINE SUD PROMOTION
NOUVELLE FRANCE,Fiction,2003,BEAUDIN Jean,DAVIS FILMS
A PERDRE LA RAISON,Fiction,2011,LAFOSSE Joachim,LES FILMS DU WORSO
ELLE NE PLEURE PAS ELLE CHANTE,Fiction,2011,DE PIERPONT Philippe,PERSPECTIVE FILMS
MORTEM,Fiction,2011,ATLAN Eric,RAINBOW MELODIES
NESMA,Fiction,2011,BEHI Homeida,MILLE ET UNE PRODUCTIONS
ICI NAJAC A VOUS LA TERRE,Documentaire,2007,MEUNIER Jean-Henri,LITTLE BEAR PRODUCTIONS
JE VOUDRAIS AIMER PERSONNE,Documentaire,2007,DUMORA Marie,QUARK PRODUCTIONS
SOIS SAGE,Fiction,2007,GARCIAS Juliette,SLOT MACHINE
TERANGA BLUES,Fiction,2007,SENE ABSA Moussa,LES PRODUCTIONS DE LA LANTERNE
MA COMPAGNE DE NUIT,Fiction,2009,BROCARD Isabelle,MILLE ET UNE PRODUCTIONS
NOS RESISTANCES,Fiction,2009,COGITORE Romain,CINEMA DEFACTO
IL MARE BUIO,Fiction,2005,TORRE Roberta,BABE FILMS
VERS MATHILDE,Documentaire,2005,DENIS Claire,WHY NOT PRODUCTIONS
BLEU PETROLE,Documentaire,2012,TREBAL Nadege,MAIA CINEMA
PIFANO LES FAUBOURGS DE L'OMBRE,Fiction,2012,DE PERETTI Thierry,FERRIS & BROCKMAN
MON TRESOR,Fiction,2004,YEDAYA Keren,BIZIBI
Fievre,Fiction,2014,GRANDRIEUX Philippe,MANDRAKE FILMS
A quatre mains,Fiction,2015,IZRAYLIT Eugene,MARGO CINEMA
Soy negro,Fiction,2015,PITTS Rafi,SENORITA FILMS
Une vie violente,Fiction,2015,DE PERETTI Thierry,LES FILMS VELVET
Voyage a travers le cinema francais,Docu,2015,TAVERNIER Bertrand,LITTLE BEAR PRODUCTIONS
BALADA TRISTE,Fiction,2010,DE LA IGLESIA Alex,LA FABRIQUE 2
ILLEGAL,Fiction,2010,MASSET DEPASSE Olivier,DHARAMSALA
INSIDE,Fiction,2010,DAVY Jean-Francois,OPENING PRODUCTION
MIRAL,Fiction,2010,SCHNABEL Julian,PATHE PRODUCTION
MUMU,Fiction,2010,SERIA Joel,BERFILMS FRANCE
Comme le vent,Fiction,2013,PUCCIONI Marco S.,LES FILMS DU PRESENT
Sangaile,Fiction,2013,KAVAITE Alante,LES FILMS D'ANTOINE
Une histoire birmane,Docu,2013,MAZARS Alain,CDP
Benedetta,Fiction,2018,VERHOEVEN Paul,SBS PRODUCTIONS
Celle que vous croyez,Fiction,2018,NEBBOU Safy,DIAPHANA FILMS
E-book,Fiction,2018,ASSAYAS Olivier,CHARLES GILLIBERT CG CINeMA
Il rumore del sol,Fiction,2018,LOCATELLI Mirko,AGAT FILMS & CIE
Jeanne,Fiction,2018,DUMONT Bruno,3B PRODUCTIONS
Mon bebe,Fiction,2018,AZUELOS Lisa,LOVE IN IN THE AIR ET PATHe FILMS
Oh les filles !,Docu,2018,ARMANET Francois,INCOGNITA FILMS
Papicha,Fiction,2018,MEDDOUR Mounia,HIGH SEA PRODUCTION
Red snake,Fiction,2018,FOUREST Caroline,PLACE DU MARCHe PRODUCTIONS ET KADOR
Toute ressemblance,Fiction,2018,DENISOT Michel,LES FILMS DU 24
Gabriel et la montagne,Fiction,2017,BARBOSA Fellipe,DAMNED FILMS - PRODUCTIONS ET DISTRIBUTION
Mon garcon,Fiction,2017,CARION Christian,NORD-OUEST FILMS
Remise de peine,Fiction,2017,SALVADORI Pierre,LFP - LES FILMS PELLeAS
Synonymes,Fiction,2017,LAPID Nadav,SBS FILMS
Exotica Erotica Etc.,Docu,2016,KRANIOTI Evangelia,AURORA FILMS
Peshmerga,Docu,2016,LEVY Bernard-Henri,MARGO CINEMA
Sparring,Fiction,2016,JOUY Samuel,UNITE DE PRODUCTION
MARIA,Fiction,2005,CALIN NETZER Peter,CINE MANUFACTURE
NOS AMIS LES TERRIENS,Fiction,2005,WERBER Bernard,LES FILMS 13
OLIVA OLIVA,Documentaire,2005,HOFFMANN Peter,ZEUGMA FILMS
QUI DE NOUS DEUX ?,Fiction,2005,BELMONT Charles,ORSANS PRODUCTIONS
WWW WHAT A WONDERFUL WORD,Fiction,2005,BENSAIDI Faouzi,GLORIA FILMS PRODUCTION
BARRAGE,Fiction,2004,JACOULOT Raphael,TESSALIT PRODUCTIONS
IBeRIA,Documentaire,2004,SAURA Carlos,WILD BUNCH
LETTRE D'AMOUR ZOULOU,Fiction,2003,SULEMAN Ramadan,JBA PRODUCTION
A MOI SEULE,Fiction,2011,VIDEAU Frederic,LES FILMS HATARI
AGNUS DEI,Documentaire,2011,SANCHEZ Alejandra,LA FEMME ENDORMIE
CETTE ANNeE-LA,Fiction,2011,MALLE Justine,TUPELO FILMS
SOMEWHERE IN BETWEEN,Fiction,2011,USTAOGLU Yesim,CDP
CREDIT POUR TOUS,Fiction,2010,MOCKY Jean-Pierre,MOCKY DELICIOUS PRODUCTS
PINA,Documentaire,2010,WENDERS Wim,EUROWIDE FILM PRODUCTION
UN HOMME D'HONNEUR,Fiction,2010,CODSI Jean-Claude,MACT PRODUCTIONS
FLEURS DU MAL,Fiction,2012,DUSA David,SCIAPODE
INITIATION,Fiction,2012,GIRERD Stephanie,31 JUIN FILMS
Deux au carre,Fiction,2014,DAJOUX Philippe,LES ENFANTS TERRIBLES
Ma sacree jeunesse,Fiction,2014,BLACKMAN Carly,PLAN 2
Mustang,Fiction,2014,GAMZE ERGUVEN Deniz,CHARLES GILLIBERT CG CINEMA
GOODBYE BAFANA,Fiction,2006,AUGUST Bille,ARSAM INTERNATIONAL
IL SOLE NERO,Fiction,2006,ZANUSSI Krzystof,LES FILMS DU 24
LISA ET LE PILOTE D'AVION,Fiction,2006,BARASSAT Philippe,ABRACADABRA
Casa nostra,Fiction,2013,NICHOLOVITCH Nathan,CASANOSTRA PRODUCTION
Max et Lenny,Fiction,2013,NICOLAS Fred,CHAZ PRODUCTIONS
Victoria,Fiction,2013,CIVEYRAC Jean-Paul,LFP
ANGELE ET TONY,Fiction,2009,DELAPORTE Alix,LIONCEAU FILMS
MENSCH,Fiction,2009,SUISSA Steve,ARP
NANNERL LA SOEUR DE MOZART,Fiction,2009,FERET Rene,FILMS ALYNE
Ma vie avec James Dean,Fiction,2015,CHOISY Dominique,LA VOIE LACTEE
Parole de kamikaze,Docu,2015,SAWADA Masa,COMME DES CINEMAS
Vincent et la fin du monde,Fiction,2015,VAN ROMPAEY Christophe,LES FILMS DE LA CROISADE
MON FReRE EST FILS UNIQUE,Fiction,2006,LUCHETTI Daniele,BABE FILMS
LANDES,Fiction,2012,VIVES Francois-Xavier,SESAME FILMS
PASSER L'HIVER,Fiction,2012,BARBET Aurelia,ABELINA FILMS PRODUCTIONS
SONG OF THE SEA,Animation,2012,MOORE Tomm,SUPERPROD
TIP TOP,Fiction,2012,BOZON Serge,LFP
Kommunisten,Fiction,2014,STRAUB Jean-Marie,ANDOLFI
MADE IN JAMAICA,Documentaire,2007,LAPERROUSAZ Jerome,HEROLD & FAMILY
MOI MICHEL G MILLIARDAIRE MAITRE DU MONDE,Fiction,2010,KAZANDJIAN Stephane,DELANTE FILMS
TELEPHONE ARABE,Fiction,2010,ZOABI Sameh,MEROE FILMS
BEUR BLANC ROUGE,Fiction,2003,ZEMMOURI Makmoud,FENNEC PRODUCTIONS
MONDOVINO,Documentaire,2004,NOSSITER Jonathan,LES FILMS DE LA CROISADE
QUAND LES ANGES S'EN MELENT,Fiction,2004,AMSALEM Crystel,KER PRODUCTIONS
REAL'MOVIE,Fiction,2004,ROBELIN Stephane,SOPHIE DULAC PRODUCTIONS
A bas bruit,Fiction,2013,ABITBOL Judith,BICEPHALE PRODUCTION
Left foot right foot,Fiction,2013,ROAUX Germinal,UNLIMITED
Apres l'ombre,Docu,2018,MERCURIO Stephane,ISKRA
Climax,Fiction,2018,NOE Gaspard,RECTANGLE PRODUCTIONS ET WILD BUNCH
Nous finirons ensemble,Fiction,2018,CANET Guillaume,TReSOR FILMS
Gueule d'ange,Fiction,2017,FILHO Vanessa,WINDY PRODUCTION ET MOANA FILMS
Memoires du cachot,Fiction,2017,BRECHNER Alvaro,MANNY FILMS
Un homme presse,Fiction,2017,MIMRAN Herve,ALBERTINE PRODUCTIONS
A Gentle Creature,Fiction,2016,LOZNITSA Serguei,SLOT MACHINE
Belinda,Docu,2016,DUMORA Marie,GLORIA FILMS PRODUCTION
Funan,Anim,2016,DO Denis,LES FILMS D'ICI
Monsieur et Madame Adelman,Fiction,2016,BEDOS Nicolas,LES FILMS DU KIOSQUE
Personal Shopper,Fiction,2016,ASSAYAS Olivier,CHARLES GILLIBERT CG CINEMA
Un ete en Provence,Fiction,2016,LARA Christian,SKYPROD
Vent du nord,Fiction,2016,MATTAR Walid,BARNEY PRODUCTION
Voleur d'histoire,Fiction,2016,ANDREI Frederic,17 23 PRODUCTIONS
L'Ultima spiaggia,Docu,2016,ANASTOPOULOS Thanos,ARIZONA PRODUCTIONS
Zoologie,Fiction,2016,TVERDOVSKIY Ivan I.,ARIZONA PRODUCTIONS
ARCHIPELITUDE,Documentaire,2011,VIRET Patrick,LES FILMS DU VIADUC
CHERCHEZ HORTENSE,Fiction,2011,BONITZER Pascal,SBS PRODUCTIONS
GEBO ET L'OMBRE,Fiction,2011,DE OLIVEIRA Manoel,MACT PRODUCTIONS
TReS BIEN MERCI,Fiction,2005,CUAU Emmanuelle,GEMINI FILMS
ALGERIE HISTOIRES A NE PAS DIRE,Documentaire,2008,LLEDO Jean-Pierre,MILLE ET UNE PRODUCTIONS
MORCEAUX DE CONVERSATIONS AVEC JEAN-LUC GODARD,Documentaire,2008,FLEISCHER Alain,LES FILMS D'ICI
D'une pierre deux coups,Fiction,2015,DELIBA Fejria,CINE SUD PROMOTION
Pris de court,Fiction,2015,CUAU Emmanuelle,CHRISTMAS IN JULY
Spartacus & Cassandra,Docu,2015,NUGUET Ioanis,MORGANE PRODUCTION
CLARA,Fiction,2007,SANDERS-BRAHMS Helma,MACT PRODUCTIONS
D'ARUSHA A ARUSHA,Documentaire,2007,GARGOT Christophe,ATOPIC
PIEDS NUS SUR LES LIMACES,Fiction,2009,BERTHAUD Fabienne,LE BUREAU FILMS
SINGULARITES D'UNE JEUNE FILLE BLONDE,Fiction,2009,DE OLIVEIRA Manoel,LES FILMS DE L'APRES MIDI
BIENVENUE A BATAVILLE,Documentaire,2005,CAILLAT Francois,UNLIMITED
CHERCHE FIANCE TOUS FRAIS PAYES,Fiction,2005,ISSERMAN Aline,ARP
CROISIERE,Fiction,2005,CAGNARD Natacha,ADRET FILMS
IL A SUFFI QUE MAMAN S'EN AILLE,Fiction,2005,FERET Rene,FILMS ALYNE
MOI LA FINANCE ET LE DEVELOPPEMENT DURABLE,Documentaire,2008,LEMAIRE-DARNAUD Jocelyne,JOCELINEASTE
BAB AZIZ,Fiction,2003,KHEMIR Nacer,LES FILMS DU REQUIN
Comment j'ai rencontre ma mere,Docu,2018,PETIT Guillaume,TIPASA PRODUCTION
Jumbo,Fiction,2018,WITTOCK Zoe,INSOLENCE PRODUCTIONS
Lands of loneliness,Fiction,2018,COLELL Meritxell,PARAISO PRODUCTION-DIFFUSION
Negative Numbers,Fiction,2018,BERIA Uta,WIDE
Premier de la classe,Fiction,2018,BEN LAHCENE Stephane,LES FILMS DU 24
Systeme K,Docu,2018,BARRET Renaud,LES FILMS EN VRAC ET LA BELLE KINOISE
Tanguy 2,Fiction,2018,CHATILIEZ Etienne,NAC FILMS
Terminal Sud,Fiction,2018,AMEUR-ZAIMECHE Rabah,SARRAZINK PRODUCTION
The sonata,Fiction,2018,DESMOND Andrew,THE PROJECT FILM CLUB
Vers la bataille,Fiction,2018,VEMHES-LERMUSIAUX Aurelien,NOODLES PRODUCTION
Yalda,Fiction,2018,BAKHSHI Massoud,JBA PRODUCTION
#Eurotrip,Fiction,2017,ALESSANDRIN Carmen,JS PRODUCTIONS ET LOVE IS IN THE AIR
Chien,Fiction,2017,BENCHETRIT Samuel,SINGLE MAN PRODUCTIONS
Cold skin,Fiction,2017,GENS Xavier,KANZAMAN FRANCE
Meme pas froid,Fiction,2017,OTZENBERGER Elise,RECTANGLE PRODUCTIONS
Nul homme n'est une ile,Docu,2017,MARCHAIS Dominique,ZADIG FILMS
Paradise beach,Fiction,2017,DURRINGER Xavier,VITO FILMS ET NAIA PRODUCTIONS
Tremblements,Fiction,2017,BUSTAMANTE Jayro,TU VAS VOIR
Volontaire,Fiction,2017,FILLIERES Helene,ALBERTINE PRODUCTIONS ET GAUMONT
Apres la guerre,Fiction,2016,ZAMBRANO Annarita,SENSITO FILMS
Dernieres nouvelles du cosmos,Docu,2016,BERTUCCELLI Julie,LES FILMS DU POISSON
Nino Nadie,Fiction,2016,GUZZONI Fernando,JBA PRODUCTION
Raid dingue,Fiction,2016,BOON Dany,PATHE PRODUCTION
Khibula,Fiction,2016,OVASHVILI George,ARIZONA PRODUCTIONS
Souvenir,Fiction,2016,DEFURNE Bavo,AVENUE B PRODUCTIONS
Crash test Aglae,Fiction,2015,GRAVEL Eric,NOVOPROD
Une revolution,Fiction,2015,MANIVEL Damien,FILM2FEEL PRODUCTION
BLACKTHORN,Fiction,2011,GIL Mateo,NOODLES PRODUCTION
DeTROIT MES FANToMES,Documentaire,2011,FAIGENBAUM Steve,TS PRODUCTIONS
HORS SATAN,Fiction,2010,DUMONT Bruno,3B
TU SERAS MON FILS,Fiction,2010,LEGRAND Gilles,EPITHETE FILMS
IGUANAS,Fiction,2012,CRISAN Marian,SLOT MACHINE
Marie-therese,Fiction,2014,PELLE Frederic,BIANCA FILMS
Moonwalk,Fiction,2014,BARDOU-JACQUET Antoine,PARTIZAN FILMS
LEcON DE CHOSES,Fiction,2006,ARCHIBUGI Francesca,BABE FILMS
A la recherche de Rohmer,Fiction,2013,CHAO Wang,REBOOT FILMS SARL
Cesta ven,Fiction,2013,VACLAV Petr,CINEMA DEFACTO
Donbass,Fiction,2018,LOZNITSA Sergei,JBA PRODUCTION
France,Docu,2018,SIMON LUANGKHOT Kiye,SHELLAC SUD
Gomera,Fiction,2018,PORUMBOIU Corneliu,LES FILMS DU WORSO
Lola et ses freres,Fiction,2018,ROUVE Jean-Paul,NOLITA CINeMA ET LES FILMS DU MONSIEUR
Made in China,Fiction,2018,ABRAHAM Julien,MONTAUK FILMS ET RIPLEY FILMS
Alien crystal palace,Fiction,2017,DOMBASLE Arielle,MEZZANINE FILMS ET SAME PLAYER
Au bout des doigts,Fiction,2017,BERNARD Ludovic,ReCIFILMS
Comme des rois,Fiction,2017,MOLIA Xabi,MOTEUR S'IL VOUS PLAiT PRODUCTION ET FIN AOÃ›T PRODUCTIONS
Quien te cantara,Fiction,2017,VERMUT Carlos,LES FILMS DU WORSO
Richard va en enfer,Fiction,2017,TORRE Roberta,ROSEBUD ENTERTAINMENT PICTURES
Submergence,Fiction,2017,WENDERS Wim,BACKUP STUDIO
Ady Gasy,Docu,2016,LOVA Nantenaina,LATERIT PRODUCTIONS
Bienvenue au Gondwana,Fiction,2016,MUSTAPHA Mohamed,MANDARIN PRODUCTION
Comment j'ai rencontre mon pere,Fiction,2016,MOTTE Maxime,VENDOME PRODUCTION
Just divorced,Fiction,2016,GOVARE Maxime,LES IMPRODUCTIBLES
Karim,Fiction,2016,UZAN Dan,STEWBALL FILMS
Rock'n roll,Fiction,2016,CANET Guillaume,LES PRODUCTIONS DU TRESOR
LA CAMARA OSCURA,Fiction,2008,MENIS Maria Victoria,SOPHIE DULAC PRODUCTIONS
POURSUITE,Fiction,2008,DEAK Marina,31 JUIN FILMS
BOARDING GATE,Fiction,2006,ASSAYAS Olivier,MARGO FILMS
HANNIBAL LECTER LES ORIGINES DU MAL,Fiction,2006,WEBBER Peter,CARTHAGO FILMS
JE PENSE A VOUS,Fiction,2006,BONITZER Pascal,REZO PRODUCTIONS
COMME TON PERE,Fiction,2007,CARMEL Marco,MERCREDI FILMS
DEUX VIES PLUS UNE,Fiction,2007,CEBULA Idit,LES FILMS DU KIOSQUE
NO BODY IS PERFECT,Documentaire,2007,SIBILLA Raphael,AVALANCHE PRODUCTIONS
SURVIVRE AVEC LES LOUPS,Fiction,2007,BELMONT Vera,STEPHAN FILMS
DES VENTS CONTRAIRES,Fiction,2011,LESPERT Jalil,WY PRODUCTIONS
PIAZZA FONTANA,Fiction,2011,TULLIO GIORDANA Marco,BABE FILMS
JE SUIS UN NO MAN'S LAND,Fiction,2009,JOUSSE Thierry,LES FILMS HATARI
TU N'AIMERAS POINT,Fiction,2009,TABAKMAN Haim,TOTALLY PROD
CONGORAMA,Fiction,2005,FALARDEAU Philippe,TARANTULA FRANCE
MEDIEVAL PIE : TERRITOIRES VIERGES,Fiction,2005,LELAND David,CARTHAGO FILMS
ODESSA? ODESSA !,Documentaire,2003,BOGANIM Michale,MOBY DICK FILMS
Corniche Kennedy,Fiction,2015,CABRERA Dominique,EVERYBODY ON DECK
Va toto !,Fiction,2015,CRETON Pierre,ANDOLFI
THEOREME ZERO,Fiction,2012,GILLIAM Terry,LE PACTE
VANITA,Fiction,2012,DIRITTI Giorgio,GROUPE DEUX
Accident,Fiction,2014,TONDOWSKI Dan,SUPERBE FILMS
Ana arabia,Fiction,2014,GITAI Amos,AGAV FILMS SARL
Entre 10 et 12,Fiction,2014,HOOGENDOORN Peter,UNLIMITED
Mama,Fiction,2014,MEDEM Julio,MARE NOSTRUM PRODUCTIONS
Red Rose,Fiction,2013,FARSI Sepideh,CINE SUD PROMOTION
Tempete sous un crane,Docu,2013,BOUFFARTIGUE Clara,POINT DU JOUR
Tokyo fiancee,Fiction,2013,LIBERSKI Stefan,LES FILMS DU WORSO
Yema,Fiction,2013,SAHRAOUI Djamila,NEON PRODUCTIONS
UNE VIE TRANQUILLE,Fiction,2010,CUPELLINI Claudio,BABE FILMS
JE NE SUIS PAS LA POUR ETRE AIME,Fiction,2004,BRIZE Stephane,TS PRODUCTIONS
VINGT NUITS ET UN JOUR DE PLUIE,Fiction,2004,LAM-LE,L'AUTRE RIVAGE
Comme un seul homme,Docu,2018,BELLION Eric,LES FILMS DU CAP
Enorme,Fiction,2018,LETOURNEUR Sophie,VITO FILMS ET AVENUE B PRODUCTIONS
Gogo,Docu,2018,PLISSON Pascal,LADYBIRDS CINeMA
Maguy Marin l'urgence d'agir,Docu,2018,MAMBOUCH David,NAIA PRODUCTIONS
Remember me,Fiction,2018,ROSETE Martin,F COMME FILM
Sol,Fiction,2018,MARQUES NAKACHE Jezabel,ILIADE ET FILMS ET STUDIOCANAL
Yao,Fiction,2018,GODEAU Philippe,PAN EUROPeENNE
Caravan,Fiction,2017,SCHIPPER Sebastian,KAZAK PRODUCTIONS
In the fade,Fiction,2017,AKIN Fatih,MACASSAR PRODUCTIONS
Je vais mieux,Fiction,2017,AMERIS Jean-Pierre,EUROPACORP
Mademoiselle de Joncquieres,Fiction,2017,MOURET Emmanuel,MOBY DICK FILMS
Marche ou creve,Fiction,2017,BONHOMME Margaux,AVENUE B PRODUCTIONS
Pearl,Fiction,2017,AMIEL Elsa,UNITe DE PRODUCTION
Slam,Fiction,2017,SEN GUPTA Partho,DOLCE VITA FILMS
The load,Fiction,2017,GLAVONIC Ognjen,CINeMA DEFACTO
Yemma,Docu,2017,BOUKHITINE Lyece,COMIC STRIP PRODUCTION
Corporate,Fiction,2016,SILHOL Nicolas,KAZAK PRODUCTIONS
Madame,Fiction,2016,STHERS Amanda,LGM CINEMA
Napalm,Docu,2016,LANZMANN Claude,MARGO CINEMA
Prendre le large,Fiction,2016,MOREL Gael,TS PRODUCTIONS
Yasmina fait des bails,Fiction,2016,DESROSIERES Antoine,LES FILMS DE L'AUTRE COUGAR
Affreux et mechants,Fiction,2016,GOMEZ Casimo,MILLE ET UNE PRODUCTIONS
Jacques Mayol - l'homme dauphin,Docu,2016,CHARITOS Lefteris,LES FILMS DU BALIBARI
EXeS,Fiction,2005,COGNITO Martin,FRELON PRODUCTIONS
JANEM JANEM,Fiction,2005,BOUZAGLO Haim,MAZEL PRODUCTIONS
KOMMA,Fiction,2005,DOYEN Martine,OF2B PRODUCTIONS
GARDIEN DE BUFFLES,Fiction,2003,NGUYEN-VO Nghiem-Minh,3B
DOUCHES FROIDES,Fiction,2004,CORDIER Antony,WHY NOT PRODUCTIONS
FALLING INTO PARADISE,Fiction,2004,RADOVIC Milos,MACT PRODUCTIONS
UN AN,Fiction,2004,BOULANGER Laurent,NOODLES PRODUCTION
MAITRE DU MONDE,Fiction,2011,GIORDANO Enrico,MOB PRODUCTIONS
MON FReRE ROBERT,Fiction,2011,GRONING Philip,L FILMS
ReVE ET SILENCE,Fiction,2011,ROSALES Jaime,LES PRODUCTIONS BALTHAZAR
CARMEL,Fiction,2009,GITAI Amos,AGAV FILMS SARL
JE VOUS AIME TRES BEAUCOUP,Fiction,2009,LOCQUET Philippe,MAZEL PRODUCTIONS
MOURIR COMME UN HOMME,Fiction,2009,RODRIGUES Joao Pedro,AD VITAM PRODUCTION
PELLEAS ET MELISANDE LE CHANT DES AVEUGLES,Documentaire,2009,BEZIAT Philippe,LFP
PLUIE DU DIABLE,Documentaire,2009,COSSON Philippe,ZAGARIANKA PRODUCTIONS
Ainsi squattent-ils,Docu,2013,MAFFRE Marie,KIEN PRODUCTIONS
Coeur d'un pere,Fiction,2013,MARTINEZ Philippe,B-TWEEN
Delivrez-moi du mal,Fiction,2013,PIERRE-VICTOR Gary,PAN-EUROPEENNE
Lazar,Fiction,2013,RISTOVSKI Svetozar,ARIZONA PRODUCTIONS
Sud eau nord deplacer,Docu,2013,BOUTET Antoine,LES FILMS DU PRESENT
OUTREAU L'AUTRE VERITE,Documentaire,2012,GARDEBLED Serge,LIGNE DE FRONT
REALITE,Fiction,2012,DUPIEUX Quentin,REALITISM FILMS SARL
VINYAN,Fiction,2007,DU WELZ Fabrice,THE FILM
ACTRICES,Fiction,2006,BRUNI TEDESCHI Valeria,FIDELITE FILMS
BELLE TOUJOURS,Fiction,2006,DE OLIVEIRA Manoel,LES FILMS D'ICI
Lamb,Fiction,2014,ZELEKE Yared,GLORIA FILMS PRODUCTION
EYES OF WAR,Fiction,2008,TANOVIC Danis,ASAP FILMS
POUR UN FILS,Fiction,2008,DE MAISTRE Alix,ONE WORLD FILMS
3000 nuits,Fiction,2015,MASRI  Mai,LES FILMS D'ICI
Dormez petites merveilles il fera jour demain,Docu,2015,SCHILLACI Rossella,DE FILMS EN AIGUILLE
A nos peres,Fiction,2018,DONG Fangchen,KOI FILMS
Breathe,Docu,2018,HASKELL Stephane,FLAIR PRODUCTION
Debout sur la montagne,Fiction,2018,BETBEDER Sebastien,GLORIA FILMS ET LES FILMS DU PRINTEMPS
Play,Fiction,2018,MARCIANO Anthony,CHAPTER II ET MONNSHAKER II
Poissonsexe,Fiction,2018,BABINET Olivier,COMME DES CINeMAS
Sibyl,Fiction,2018,TRIET Justine,LFP - LES FILMS PELLeAS
Silvio et les autres,Fiction,2018,SORRENTINO Paolo,PATHe FILMS
Viaje alrededor del cuarto de una madre,Fiction,2018,RICO Celia,NOODLES PRODUCTION
Bergman : Testament d'un genie,Docu,2017,VON TROTTA Margarethe,MONDEX ET CIE
Des bobines et des hommes,Docu,2017,POUCH Charlotte,ROUGE INTERNATIONAL
La surface de reparation,Fiction,2017,REGIN Christophe,LES FILMS DE PIERRE
Nanouk,Fiction,2017,LAZAROV Milko,ARIZONA PRODUCTIONS
Gaspard va au mariage,Fiction,2016,CORDIER Antony,AGAT FILMS ET CIE
K.O.,Fiction,2016,GOBERT Fabrice,2 4 7 FILMS
Ladies,Fiction,2016,DAVAL Anne-Gaelle,NOLITA CINEMA
Maryline,Fiction,2016,GALLIENNE Guillaume,LGM
Merci patron !,Docu,2016,RUFFIN Francois,MILLE ET UNE PRODUCTIONS
Numero une,Fiction,2016,MARSHALL Tonie,TABO-TABO FILMS
Mobiles Homes,Fiction,2016,DE FONTENAY Vladimir,MADELEINE FILMS
COMME UNE ETOILE DANS LA NUIT,Fiction,2007,FERET Rene,FILMS ALYNE
VeRITeS,Fiction,2006,NESHER Avi,TU VAS VOIR
57000 KM ENTRE NOUS,Fiction,2008,KREUTER Delphine,LE PREMIER POISSON
DISPARUES,Documentaire,2003,MAZARS Alain,NEW DEAL FILMS
DEAD MAN TALKING,Fiction,2012,RIDREMONT Patrick,SUPERPROD
MES SEANCES DE LUTTE,Fiction,2012,DOILLON Jacques,DOILLON ET COMPAGNIE
SUR LE CHEMIN DE L'ECOLE,Documentaire,2012,PLISSON Pascal,WINDS
UNE AUTRE VIE,Fiction,2012,MOURET Emmanuel,MOBY DICK FILMS
Y'A PIRE AILLEURS,Documentaire,2012,MEUNIER Jean-Henri,TO BE CONTINUED
EL MUERTO,Fiction,2011,REBOLLO Javier,NOODLES PRODUCTION
PAYS ReVe,Documentaire,2011,CHOUAIB Jihane,IMAGE SON KINESCOPE ET REALISATIONS AUDIOVISUELLES
CRAZY HORSE,Documentaire,2009,WISEMAN Frederick,IDEALE AUDIENCE
PAULINE ET FRANCOIS,Fiction,2009,FELY Renaud,AETERNAM FILMS
TEMOIN INDESIRABLE,Documentaire,2009,LOZANO Juan Jose,DOLCE VITA FILMS
CROSSDRESSER,Documentaire,2010,POUPAUD Chantal,LES FILMS DU REQUIN
EVA,Fiction,2010,MAILLO Kike,RAN ENTERTAINMENT
MIKE,Fiction,2010,BLUMERS Lars,CASSIDY
SUR LA PLANCHE,Fiction,2010,KILANI Leila,AURORA FILMS
Brick mansions,Fiction,2013,DELAMARRE Camille,EUROPACORP
On est vivants,Docu,2013,CASTILLO Carmen,LES FILMS D'ICI
Patria obscura,Docu,2013,RAGOT Stephane,LES FILMS DU JEUDI
Altamira,Fiction,2015,HUDSON Hugh,MARE NOSTRUM PRODUCTIONS
Jeunesse,Fiction,2015,SAMANI Julien,ALFAMA FILMS PRODUCTION
Mauvais ?il,Fiction,2015,TEYSSIER Laurent,TITA PRODUCTIONS
The Other Side,Docu,2015,MINERVINI Roberto,AGAT FILMS ET CIE
Paris of the North,Fiction,2014,GUNNAR SIGURDSSON Hafsteinn,ARIZONA PRODUCTIONS
Un pas de cote,Docu,2014,DECASTER  Luc,ZEUGMA FILMS
Une jeunesse allemande,Docu,2014,PERIOT Jean-Gabriel,LOCAL FILMS
ENTRE NOS MAINS,Documentaire,2010,OTERO Mariana,ARCHIPEL 33
Gaz de France,Fiction,2013,FORGEARD Benoit,ECCE FILMS
Parenthese,Fiction,2013,TANGUY Bernard,REZINA PRODUCTIONS
Qui vive,Fiction,2013,TARDIEU Marianne,LA VIE EST BELLE FILMS ASSOCIES
CARNE DE NEON,Fiction,2009,CABEZAS Paco,MANDARIN CINEMA
En attache,Docu,2015,THEROND Emilie,B2FILMS
Marie et les naufrages,Fiction,2015,BETBEDER Sebastien,ENVIE DE TEMPETE PRODUCTION
Ppp. meurtre d'un poete,Fiction,2015,GRIECO David,TO BE CONTINUED
Rester vertical,Fiction,2015,GUIRAUDIE Alain,LES FILMS DU WORSO
The Man who Loved Women,Docu,2015,WORONIECKI Hubert,REALITISM FILMS SARL
BANGKOK RENAISSANCE,Fiction,2012,MINEO Jean-Marc,MADE IN PUB
RETOUR A BEYROUTH,Documentaire,2012,MOGRABI Avi,LES FILMS D'ICI
STORMY WEATHER,Fiction,2003,ANSPACH Solveig,EX NIHILO
DEMAIN ?,Fiction,2011,LAURENT Christine,MACT PRODUCTIONS
Un vrai faussaire,Docu,2014,LEON Jean-Luc,ALBUM PRODUCTIONS
Une mere,Fiction,2014,CARRIERE Christine,AGAT FILMS ET CIE
TABARLY,Documentaire,2008,MARCEL Pierre,GALATEE FILMS
THE GOOD HEART,Fiction,2008,KARI Dagur,EX NIHILO
Histoire d'un regard,Docu,2018,OTERO Mariana,ARCHIPEL 35
Laurence,Docu,2018,PFEIFFER Raphael,GOGOGO FILMS ET DESELBY PRODUCTIONS
Persona non grata,Fiction,2018,ZEM Roschdy,BIZIBI
Roubaix une lumiere,Fiction,2018,DESPLECHIN Arnaud,WHY NOT PRODUCTIONS
Tous les dieux du ciel,Fiction,2018,CLAUDIN Alexandre,TO BE CONTINUED ET TOBINA FILMS
Yves,Fiction,2018,FORGEARD Benoit,ECCE FILMS
America,Docu,2017,DREXEL Claus,GLORIA FILMS PRODUCTION
Avant la fin de l'ete,Docu,2017,GOORMAGHTIGH Maryam,4 A 4 PRODUCTIONS
Break it all !,Fiction,2017,FOUCHARD Marc,NYNAMOR FILMS ET SOCIeTe NOUVELLE DE DISTRIBUTION
Inna de Yard the soul of Jamaica,Docu,2017,WEBBER Peter,BORSALINO PRODUCTIONS ET WAG PROD
Normandie nue,Fiction,2017,LE GUAY Philippe,LES FILMS DES TOURNELLES
Simon et Theodore,Fiction,2017,BUCH Mikael,MONA FILMS
Sophia Antipolis,Fiction,2017,VERNIER Virgil,KAZAK PRODUCTIONS
Blockbuster,Fiction,2016,HYGRECK July,VIRGINIE FILMS
Chez nous,Fiction,2016,BELVAUX Lucas,SYNECDOCHE
Corps etranger,Fiction,2016,AMARI Raja,MON VOISIN PRODUCTIONS
Diane a les epaules,Fiction,2016,GORGEART Fabien,PETIT FILM
Jusqu'a la garde,Fiction,2016,LEGRAND Xavier,KG PRODUCTIONS
Plonger,Fiction,2016,LAURENT Melanie,MOVE MOVIE
Pour le reconfort,Fiction,2016,MACAIGNE Vincent,CHARLES GILLIBERT CG CINEMA
Une vie ailleurs,Fiction,2016,PEYON Olivier,LE BUREAU FILMS
Vive la crise !,Fiction,2016,DAVY Jean-Francois,LES FILMS MONTAIGNE
Call me by your name,Fiction,2016,GUADAGNINO Luca,LA CINEFACTURE
Mozungo s'en-va-t'en guerre,Fiction,2016,NUNO PINTO Joao,ALFAMA FILMS PRODUCTION
5 ENFANTS ET MOI,Fiction,2004,STEVENSON John,DAVIS FILMS
APRES - UN VOYAGE DANS LE RWANDA,Documentaire,2004,GHEERBRANT Denis,LES FILMS D'ICI
MORITURI,Fiction,2004,TOUITA Okacha,WALLWORKS
CoTE A CoTE,Fiction,2005,BOUZAGLO Haim,MAZEL PRODUCTIONS
LASSIE,Fiction,2005,STURRIDGE Charles,DAVIS FILMS
QUI M'AIME ME SUIVE,Fiction,2005,COHEN Benoit,SHADOWS FILMS
SHIZO,Fiction,2005,OMAROVA Gulshat,LES PETITES LUMIERES
MANGE CECI EST MON CORPS,Fiction,2006,QUAY Michelange,LES FILMS A UN DOLLAR
CHRISTOPHE COLOMB L'eNIGME,Fiction,2007,DE OLIVEIRA Manoel,LES FILMS DE L'APRES MIDI
FAR NORTH,Fiction,2007,KAPADIA Asif,LE BUREAU FILMS
WOMEN WITHOUT MEN,Fiction,2007,NESHAT Shirin,SOCIETE PARISIENNE DE PRODUCTION
CELLULE 211,Fiction,2009,MONZON Daniel,LA FABRIQUE 2
ENCORE UN BAISER,Fiction,2009,MUCCINO Gabriele,MARS FILMS
ESCORT,Documentaire,2009,DE CRECY Helene,SLOT MACHINE
NEDS,Fiction,2009,MULLAN Peter,FIDELITE FILMS
ADIEU AU LANGAGE,Fiction,2012,GODARD Jean-Luc,WILD BUNCH
CE QUE JE SAIS DE LOLA,Fiction,2006,REBOLLO Javier,LAZENNEC ET ASSOCIES
HILARIO LE TEMPS DES AMOUREUSES,Documentaire,2006,IMBERT Henri-Francois,LIBRE COURS
SANS MOI,Fiction,2006,PANCHOT Olivier,ELZEVIR FILMS
Lucy,Fiction,2013,BESSON Luc,EUROPACORP
Chant d'hiver,Fiction,2014,IOSSELIANI Otar,PASTORALE PRODUCTIONS
Histoire d'une mere,Fiction,2014,VEYSSET Sandrine,LA HUIT PRODUCTION
Je suis un soldat,Fiction,2014,LARIVIERE Laurent,MON VOISIN PRODUCTIONS
John from,Fiction,2014,NICOLAU Joao,SHELLAC SUD
Laurette 1942 une volontaire au camp du Recebedou,Docu,2014,FOURCOU Francis,ECRANSUD DISTRIBUTION
Dogman,Fiction,2018,GARRONE Matteo,LE PACTE
Fille unique,Fiction,2018,MERLE Bruno,UNITE DE PRODUCTION
J'ai perdu Albert,Fiction,2018,VAN CAUWELAERT Didier,ANGELUS PRODUCTIONS
Ma mere est folle,Fiction,2018,KURYS Diane,ALEXANDRE FILMS
Mais vous etes fous,Fiction,2018,DIWAN Audrey,RECTANGLE PRODUCTIONS
Qu'est-ce qu'on a encore fait au bon Dieu ?,Fiction,2018,DE CHAUVERON Philippe,LES FILMS DU PREMIER ET LES FILMS DU 24
Sorry we missed you,Fiction,2018,LOACH Ken,WHY NOT PRODUCTIONS
Staff only,Fiction,2018,BALLUS Neus,LES FILMS HATARI
100 kg d'etoiles,Fiction,2017,CHAMBON Marie-Sophie,KORO FILMS
Abdelkader et la comtesse,Fiction,2017,DOVAL Isabelle,AIM ARTISTE INTERMeDIAIRE MULTIMeDIA
Drole de pere,Fiction,2017,VAN ELMBT Amelie,WHY NOT PRODUCTIONS
Guy,Fiction,2017,LUTZ Alex,ILIADE ET FILMS
Mustang,Fiction,2017,DE CLERMONT-TONNERRE Laure,LeGENDAIRE
12 jours,Docu,2016,DEPARDON Raymond,PALMERAIE ET DESERT
Banc d'attente,Docu,2016,GASMELBARI Suhaib,AGAT FILMS ET CIE
Bloody Milk,Fiction,2016,CHARUEL Hubert,DOMINO FILMS
Droles d'oiseaux,Fiction,2016,JUGNOT Gerard,LES FILMS DU 24
Papa ou maman 2,Fiction,2016,BOURBOULON Martin,CHAPTER 2
Un vrai batard,Fiction,2016,LUSSI-MODESTE Teddy,KAZAK PRODUCTIONS
Charlton Heston,Fiction,2016,CRETULESCU Andrei,LES FILMS DU TAMBOUR
Ice Mother,Fiction,2016,SLAMA Bohdan,WHY NOT PRODUCTIONS
Poesia sin fin,Fiction,2016,JODOROWSKY Alejandro,SATORI FILMS
UNE ESTONIENNE A PARIS,Fiction,2011,RAAG Ilmar,TS PRODUCTIONS
ET SI JE PARLE ?,Fiction,2003,GABRIEL Sebastien,AGORA FILMS
Ecos de Jerico,Docu,2015,MESA Catalina,DE MIRABILIBUS MUNDI
Theo et hugo dans le meme bateau,Fiction,2015,DUCASTEL Olivier,ECCE FILMS
GORGOMEESH,Fiction,2005,HOPPE Nora,UNLIMITED
Forbach forever,Docu,2013,DUMORA Marie,LES PRODUCTIONS BALTHAZAR
Heritage,Docu,2013,ARACTINGI Philippe,DOLCE VITA FILMS
Human capital,Fiction,2013,VIRZI Paolo,MANNY FILMS
Run,Fiction,2013,LACOTE Philippe,BANSHEE FILMS
Week ends,Fiction,2013,VILLACEQUE Anne,EX NIHILO
Zaytoun,Fiction,2013,RIKLIS Eran,PATHE PRODUCTION
ONLY LOVERS LEFT ALIVE,Fiction,2012,JARMUSCH Jim,LE PACTE
UNE CHANSON POUR MA MERE,Fiction,2012,FRANKA Joel,BONNE PIOCHE CINEMA
VIA CASTELLANA BANDIERA,Fiction,2012,DANTE Emma,SLOT MACHINE
Achoura,Fiction,2015,SELHAMI  Talal,METALUNA PRODUCTIONS
Apnee,Fiction,2015,MEURISSE Jean-Christophe,ECCE FILMS
Like crazy,Fiction,2015,VIRZI Paolo,MANNY FILMS
Louise,Fiction,2015,GALLOTTE Jean-Francois,EXO 7 PRODUCTIONS
Pericles le noir,Fiction,2015,MORDINI Stefano,LES PRODUCTIONS DU TRESOR
Seul dans berlin,Fiction,2015,PEREZ Vincent,MASTER MOVIES
Sky,Fiction,2015,BERTHAUD Fabienne,LE BUREAU FILMS
Stage fright,Fiction,2015,ZOIS Yorgos,EZ FILMS
BOB ET LES SEX PISTACHES,Fiction,2010,MATTHEY Yves,LUXOR FILMS
Ash Is Purest White,Fiction,2018,ZHANGKE Jia,MK PRODUCTIONS
Curiosa,Fiction,2018,JEUNET Lou,CURIOSA FILMS
De nos freres blesses,Fiction,2018,CISTERNE Helier,LES FILMS DU BeLIER
Ibiza,Fiction,2018,LEMORT Arnaud,ATELIER DE PRODUCTION ET GAUMONT
Ni dieux ni maitres,Fiction,2018,CHERRIERE Eric,RAN ENTERTAINMENT ET LOGICAL PICTURES
Profs de l'impossible,Docu,2018,THEROND Emilie,WINDS
Sympathie pour le diable,Fiction,2018,DEFONTENAY Guillaume,MONKEY PACK FILMS
Abracadabra,Fiction,2017,BERGER Pablo,NOODLES PRODUCTION ET FD PRODUCTION
Bonhomme,Fiction,2017,VERNOUX Marion,LES FILMS DU KIOSQUE
De chaque instant,Docu,2017,PHILIBERT Nicolas,ARCHIPEL 35
Garde alternee,Fiction,2017,LECLERE Alexandra,PAN-EUROPeENNE
J'ensaigne,Fiction,2017,DEPETRINI Anne,NAC FILMS
Paul Sanchez est revenu !,Fiction,2017,MAZUY Patricia,EX NIHILO
Premiere annee,Fiction,2017,LILTI Thomas,LES FILMS DU PARC ET 31 JUIN FILMS
Ava,Fiction,2016,MYSIUS Lea,F COMME FILM
Filles du feu,Docu,2016,BRETON Stephane,QUARK PRODUCTIONS
Quand on a 17 ans,Fiction,2016,TECHINE Andre,FIDELITE FILMS
7 minuti,Fiction,2016,PLACIDO Michele,MANNY FILMS
Volt,Fiction,2016,EHLAIL Tarek,LES FILMS D'ANTOINE
Mon souffle,Fiction,2014,CHOUAIB Jihane,PARAISO PRODUCTION DIFFUSION
KIROT,Fiction,2008,LERNER Danny,DOUEK PRODUCTIONS
MER NOIRE,Fiction,2008,BONDI Federico,MANIGOLDA FILM
NAOMI,Fiction,2009,ZOR Eitan,EZ FILMS
ARTHUR ET LES MINIMOYS,Animation,2004,BESSON Luc,EUROPACORP
EVERYTHING WILL BE FINE,Fiction,2009,BOE Christoffer,LOVE STREAMS AGNES B. PRODUCTIONS
LEGER TREMBLEMENT DU PAYSAGE,Fiction,2009,FERNANDEZ Philippe,OSTINATO PRODUCTION
SUERTE,Fiction,2009,SECHAUD Jacques,RED STAR CINEMA
Coby,Docu,2018,SONDEREGGER Christian,CIAOFILM
Continuer,Fiction,2018,LAFOSSE Joachim,LES FILMS DU WORSO
Douze mille,Fiction,2018,TREBAL Nadege,MEZZANINE FILMS
Nicky Larson et le parfum de Cupidon,Fiction,2018,LACHEAU Philippe,AXEL FILMS PRODUCTION
Baby Phone,Fiction,2017,CASAS Olivier,BABY PHONE CINeMA
Big bang,Fiction,2017,ROUAUD Cecilia,JERICO ET FIRELIGHT
Budapest,Fiction,2017,GENS Xavier,LABYRINTHE FILMS
Burn out,Fiction,2017,GOZLAN Yann,24 25 FILMS ET WY PRODUCTIONS
Champ de batailles,Docu,2017,LACONI Edie,ISKRA
Dans ce pays personne ne savait pleurer,Fiction,2017,PANOUSSOPOULOS Giorgios,MOVIE PARTNERS IN MOTION FILM
Dans la brume,Fiction,2017,ROBY Daniel,SECTION 9 ET ADNP
Boule et Bill II,Fiction,2016,BOURDIAUX Pascal,LGM CINEMA
Comme des lions,Docu,2016,DAVISSE Francoise,LES FILMS DU BALIBARI
Maman a tort,Fiction,2016,FITOUSSI Marc,AVENUE B PRODUCTIONS
Marvin,Fiction,2016,FONTAINE Anne,CINE-@
Overdrive,Fiction,2016,NEGRET Antonio,OVERDRIVE PRODUCTIONS
Rattrapage,Fiction,2016,SEGUELA Tristan,LES FILMS DU 24
Une saison en France,Fiction,2016,HAROUN Mahamat-Saleh,PILI FILMS
Fais de beaux reves,Fiction,2016,BELLOCCHIO Marco,AD VITAM PRODUCTION
Foxtrot,Fiction,2016,MAOZ Samuel,ASAP FILMS
Fuocoammare par-dela Lampedusa,Docu,2016,ROSI Gianfranco,LES FILMS D'ICI
La Ragazza del mondo,Fiction,2016,DANIELI Marco,BARBARY FILMS
Notre folie,Fiction,2016,VIANA Joao,LES FILMS DE L'APRES MIDI
DECRYPTAGE,Documentaire,2003,TARNERO Jacques,SOPHIE DULAC PRODUCTIONS
NOCE D'eTe,Fiction,2003,LADJIMI Moktar,CINE SUD PROMOTION
VOISINS VOISINES,Fiction,2003,CHIBANE Malik,ALHAMBRA FILMS
TETE D'OR,Fiction,2007,BLANCHARD Gilles,SARL BELLEVUE PRODUCTION
CARGO,Fiction,2006,DESCLOZEAUX Leon,LES FILMS DU CARGO
CAROVANA,Fiction,2006,FALASCHI Francesco,LES FILMS DU 24
NAISSANCE DES PIEUVRES,Fiction,2006,SCIAMMA Celine,LES PRODUCTIONS BALTHAZAR
SONETAULA,Fiction,2006,MEREU Salvatore,LES FILMS DU CHERCHE MIDI
DOMAINE,Fiction,2008,CHIHA Patric,AURORA FILMS
FLEUR DU DESERT,Fiction,2008,HORMANN Sherry,BAC FILMS
IVUL,Fiction,2008,KOTTING Andrew,SCIAPODE
SANS RANCUNE !,Fiction,2008,HANCHAR Yves,MACT PRODUCTIONS
COUP DE SANG,Fiction,2005,MARBOEUF Jean,LES FILMS DU CHANTIER
VALSE DES GROS DERRIERES,Fiction,2004,ODOUTAN Jean,45 RDLC
I ANNA,Fiction,2011,SOUTHCOMBE Barnaby,ARSAM INTERNATIONAL
ICI ON NOIE LES ALGERIENS 17 OCTOBRE 1961,Documentaire,2011,BOUKEHIL Yasmina,AGAT FILMS ET CIE
KINSHASA KIDS,Fiction,2011,WAJNBERG Marc-Henri,CRESCENDO FILMS
VANISHING WAVES,Fiction,2011,BUOZYTE Kristina,ACAJOU FILMS
Certifiee halal,Fiction,2015,ZEMMOURI Makmoud,FENNEC PRODUCTIONS
East Punk Memories,Docu,2015,CHAUFOUR Lucile,SUPERSONIC GLIDE
Loup-garou,Fiction,2015,LEVY Stephane,KAOS PRODUCTIONS
M et le 3eme secret,Docu,2015,BARNERIAS Pierre,TPROD
Per amor vostro,Fiction,2015,GAUDINO Giuseppe,LES FILMS DES TOURNELLES
The bouncer,Fiction,2015,YAESH Meni,BIZIBI
Un petit boulot,Fiction,2015,CHAUMEIL Pascal,GAUMONT
Where is Rocky II ?,Docu,2015,BISMUTH Pierre,INK CONNECTION
Don't cry fly,Fiction,2013,LLOSA Claudia,NOODLES PRODUCTION
Sommeil d'hiver,Fiction,2013,BILGE CEYLAN Nuri,MEMENTO FILMS PRODUCTION
Edmond un portrait de baudoin,Docu,2014,CARTON Laetitia,KALEO FILMS
Histoire de la peur,Fiction,2014,NAISHTAT Benjamin,ECCE FILMS
Je ne suis pas un salaud,Fiction,2014,FINKIEL Emmanuel,THELMA FILMS
Nobody wants the night,Fiction,2014,COIXET Isabel,NOODLES PRODUCTION
Une vie de chateau,Docu,2014,DE LAUZANNE Xavier,ALOEST PRODUCTIONS
A PIGEON ON A BRANCH REFLECTING ON EXISTENCE,Fiction,2012,ANDERSSON Roy,SOCIETE PARISIENNE DE PRODUCTION
COURS SANS TE RETOURNER,Fiction,2012,DANQUART Pepe,CINE SUD PROMOTION
EL PUESTO,Documentaire,2012,LEVEQUE Aurelien,CELLULOID FILMS
UN JOUR DE CHANCE,Fiction,2012,DE LA IGLESIA Alex,LA FERME PRODUCTIONS
Alad'2,Fiction,2018,STEKETEE Lionel,74 FILMS ET PATHe PRODUCTION
Convoi exceptionnel,Fiction,2018,BLIER Bertrand,CURIOSA FILMS
Heureux comme Lazzaro,Fiction,2018,ROHRWACHER Alice,AD VITAM PRODUCTION
Rebelles,Fiction,2018,MAUDUIT Allan,ALBERTINE PRODUCTIONS
Sillages,Docu,2018,RINALDI Lea,ALeA FILMS
Sundays,Docu,2018,AVRAMIS Alethea C.,MEZZANINE FILMS
Une jeunesse doree,Fiction,2018,IONESCO Eva,MACASSAR PRODUCTIONS
Gaston Lagaffe,Fiction,2017,MARTIN LAVAL Pierre-Francois,LES FILMS DU 24 ET LES FILMS DU PREMIER
Loveless,Fiction,2017,ZVIAGUINTSEV Andrei,WHY NOT PRODUCTIONS
Remi sans famille,Fiction,2017,BLOSSIER Antoine,JERICO
Stasis,Fiction,2017,KVEDARAVICIUS Mantas,ROUGE INTERNATIONAL
Vierges,Fiction,2017,BEN RAFAEL Keren,AVENUE B PRODUCTIONS
A perdre haleine,Fiction,2016,DAARWIN Didier D.,COMIC STRIP PRODUCTION
Comme ils respirent,Docu,2016,PATRONIK Claire,WEESPER
The lake,Fiction,2016,QUALE Steven,EUROPACORP
Valerian et la cite des mille planetes,Fiction,2016,BESSON Luc,VALERIAN
Bitter flowers,Fiction,2016,MEYS Olivier,MILLE ET UNE FILMS
Happy Birthday,Fiction,2016,GEORGIOU Christos,MANNY FILMS
Pororoca,Fiction,2016,POPESCU Constantin,IRREVERENCE FILMS
The Square,Fiction,2016,OSTLUND Ruben,SOCIETE PARISIENNE DE PRODUCTION
COMMENT J'AI FETE LA FIN DU MONDE,Fiction,2005,MITULESCU Catalin,LFP
MOOLAADE,Fiction,2005,SEMBENE Ousmane,CINE SUD PROMOTION
AH ! LA LIBIDO,Fiction,2007,ROSIER Michele,GO FILMS
ALIKER,Fiction,2007,DESLAURIERS Guy,KREOL PRODUCTIONS
ELDORADO,Fiction,2007,LANNERS Bouli,LAZENNEC ET ASSOCIES
JE VIENS AVEC LA PLUIE,Fiction,2007,ANH HUNG Tran,CENTRAL FILMS
APPELEZ MOI KUBRICK,Fiction,2004,COOK Brian W.,EUROPACORP
BELHORIZON,Fiction,2004,RABADAN Ines,OF2B PRODUCTIONS
CODE 68,Fiction,2004,ROGER Jean-Henri,AGAT FILMS ET CIE
JOURNAL IV,Fiction,2004,GERAULT Mathieu,SEPIA PRODUCTION
CHAQUE JOUR EST UNE FeTE,Fiction,2008,EL-HORR Dima,CINE SUD PROMOTION
LIGNES DE FRONT,Fiction,2008,KLOTZ Jean-Christophe,LE PREMIER POISSON
NUIT DE CHIEN,Fiction,2008,SCHROETER Werner,ALFAMA FILMS PRODUCTION
PREMIERES NEIGES,Fiction,2008,BEGIC Aida,LES FILMS DE L'APRES MIDI
MANOLETE,Fiction,2006,MEYJES Menno,QUINTA COMMUNICATIONS SA
VOLEURS DE CHEVAUX,Fiction,2006,WALD Micha,REZO PRODUCTIONS
INGUELEZI,Fiction,2003,DUPEYRON Francois,LES FILMS EN HIVER
MEME DIEU EST VENU NOUS VOIR,Fiction,2003,POPZLATEV Petar,MACT PRODUCTIONS
QUAND JE SERAI STAR,Fiction,2003,MIMOUNI Patrick,LES FILMS DU LABYRINTHE
LAICITE INCH'ALLAH !,Documentaire,2011,EL FANI Nadia,KIEN PRODUCTIONS
Amnesie,Fiction,2014,SCHROEDER Barbet,LES FILMS DU LOSANGE
Arretez-moi la,Fiction,2014,BANNIER Gilles,LEGATO FILMS
Macadam baby,Fiction,2014,BOSSARD Patrick,ALTEREGO
SABABOU L'ESPOIR,Documentaire,2012,BENCHIKH Samir,SUR LES TOITS PRODUCTIONS
98,Fiction,2013,ZIMMER Helene,LES FILMS DU LENDEMAIN
Belle comme la femme d'un autre,Fiction,2013,CASTEL Catherine,LA MOUCHE DU COCHE FILMS
Vincent,Fiction,2013,SALVADOR Thomas,CHRISTMAS IN JULY
NOTRE ETRANGERE,Fiction,2009,BOUYAIN Sarah,ATHENAISE
KATANGA BUSINESS,Documentaire,2009,MICHEL Thierry,LES FILMS D'ICI
AVANT QUE J'OUBLIE,Fiction,2006,NOLOT Jacques,ELIA FILMS
Blanche comme neige,Fiction,2018,FONTAINE Anne,MANDARIN PRODUCTION ET CINe-@
Nekfeu - the documentary,Docu,2018,BOULANOUAR Syrine,FULLDAWA FILMS ET LIEURAC PRODUCTIONS
Bergere,Docu,2017,DETRIE Delphine,LUX FOR FILM
Epicentro,Docu,2017,SAUPER Hubert,GROUPE DEUX
Errementari,Fiction,2017,URKIJO ALIJO Paul,THE PROJECT FILM CLUB
Facteur cheval,Fiction,2017,TAVERNIER Nils,FECHNER FILMS
Marie Curie,Fiction,2017,SEHR Marie Noelle,SEPIA PRODUCTION
Revenge,Fiction,2017,FARGEAT Coralie,M.E.S. PRODUCTIONS ET MONKEY PACK FILMS
Scelsi le premier mouvement de l'immobile,Docu,2017,D'AYALA VALVA Sebastiano,LES PRODUCTIONS CINeMATOGRAPHIQUES DE LA BUTTE MONTMARTRE
Taxi 5,Fiction,2017,GASTAMBIDE Franck,TS PRODUCTION
Au revoir la-haut,Fiction,2016,DUPONTEL Albert,MANCHESTER FILMS
Dalida,Fiction,2016,AZUELOS Lisa,BETHSABEE MUCHO
Madame Hyde,Fiction,2016,BOZON Serge,LFP
Ms. Sloane,Fiction,2016,MADDEN John,EUROPACORP
Sous le meme toit,Fiction,2016,FARRUGIA Dominique,EUROPACORP
LINO,Fiction,2008,MILESI Jean-Louis,KIEN PRODUCTIONS
NE ME LIBeREZ PAS JE M'EN CHARGE,Documentaire,2008,GODET Fabienne,LE BUREAU FILMS
ROMANZO CRIMINALE,Fiction,2004,PLACIDO Michele,BABE FILMS
VIOLENT DAYS,Fiction,2004,CHAUFOUR Lucile,SUPERSONIC GLIDE
Louder than bombs,Fiction,2014,TRIER Joachim,MEMENTO FILMS PRODUCTION
Un nouveau souffle,Fiction,2014,VIARD Arnaud,LES MILLE ET UNE MARCHES
Avec les loups,Docu,2015,BERTRAND Jean-Michel,MC4
Bricks,Docu,2015,RAVELLI Quentin,SURVIVANCE
Clair-obscur,Fiction,2015,USTAOGLU Yesim,SLOT MACHINE
Et les mistrals gagnants?,Docu,2015,JULLIAND Anne-Dauphine,INCOGNITA FILMS
Irreprochable,Fiction,2015,MARNIER Sebastien,AVENUE B PRODUCTIONS
AGON,Fiction,2011,BUDINA Robert,ARIZONA FILMS
Deux femmes,Fiction,2013,GLAGOLEVA Vera,REZO PRODUCTIONS
El Nino,Fiction,2013,MONZON Daniel,LA FERME PRODUCTIONS
Wolf totem,Fiction,2013,ANNAUD Jean-Jacques,REPERAGE
ANDRE ROBILLARD EN CHEMIN,Documentaire,2012,IMBERT Henri-Francois,LIBRE COURS
MON PeRE VA ME TUER,Fiction,2012,CIPRI Daniele,BABE FILMS
MOSKOVITCH MON AMOUR,Fiction,2012,SHAHBAZYAN Aram,ARAPROD
POST PARTUM,Fiction,2012,NOELS Delphine,LES PRODUCTIONS BALTHAZAR
TAHRIR PLACE DE LA LIBERATION,Documentaire,2012,SAVONA Stefano,PICOFILMS
MONDE EN CHANTIER,Documentaire,2010,KOWALSKI Lech,REVOLT CINEMA
C'est la vie,Fiction,2018,RAMBALDI Julien,ReCIFILMS
Portrait de la jeune fille en feu,Fiction,2018,SCIAMMA Celine,LILIES FILMS
Quand on crie au loup,Fiction,2018,BERRY Marilou,WONDER FILMS ET LA PETITE REINE PRODUCTION
Quand tu danses,Fiction,2018,CHOLLAT Ladislas,FEDERATION PICTURES ET PATHe FILMS
Tamara Vol.2,Fiction,2018,CASTAGNETTI Alexandre,ELEPHANT STORY
Un fils,Fiction,2018,BARSAOUI Mehdi,DOLCE VITA FILMS ET 13 PRODUCTIONS
A l'abordage,Docu,2017,BRAC Guillaume,BATHYSPHeRE PRODUCTIONS
Achille Hector Heracles... furent des adolescents comme les autres,Docu,2017,MILANO Helene,YSES PRODUCTIONS
Barbara,Fiction,2017,AMALRIC Mathieu,WAITING FOR CINeMA ET ALICeLeO
Dany,Fiction,2017,DAMIENS Francois,CHI-FOU-MI PRODUCTIONS
En attendant les hirondelles,Fiction,2017,MOUSSAOUI Karim,LFP - LES FILMS PELLeAS
Holy Lands,Fiction,2017,STHERS Amanda,PM SA
Ines et Pedro,Fiction,2017,FERREIRA Antonio,MOVIE PARTNERS IN MOTION FILM
Love Addict,Fiction,2017,BELLOCQ Franck,MY FAMILY ET DAVIS FILMS
Mes provinciales,Fiction,2017,CIVEYRAC Jean-Paul,MOBY DICK FILMS
The devil outside,Fiction,2017,HULME Andrew,THE JOKERS FILMS
Tout le monde debout,Fiction,2017,DUBOSC Franck,GAUMONT
Un amour impossible,Fiction,2017,CORSINI Catherine,CHAZ PRODUCTIONS
Un autre monde,Fiction,2017,BRIZE Stephane,NORD-OUEST FILMS
Passade,Fiction,2016,APRIKIAN Gorune,ARAPROD
PASSIONS,Documentaire,2003,COURANT Gerard,LES FILMS D'ICI
AU CAS Ou JE N'AURAIS PAS LA PALME D'OR,Fiction,2011,COHEN Renaud,LES FILMS DE LA BOSSE
BONSAI,Fiction,2011,JIMENEZ Cristian,ROUGE INTERNATIONAL
DES ESCARGOTS ET DES HOMMES,Fiction,2011,GIURGIU Tudor,AGAT FILMS ET CIE
DESSINE-TOI?,Documentaire,2011,PORTE Gilles,3B
INCENDIES,Fiction,2011,VILLENEUVE Denis,TS PRODUCTIONS
QISSA,Fiction,2011,SINGH Anup,CINE SUD PROMOTION
THE HUNTERS,Fiction,2011,BRIANT Chris,HUMAL
Je vous souhaite d'etre follement aimee,Fiction,2014,LECOMTE Ounie,GLORIA FILMS PRODUCTION
Ladygrey,Fiction,2014,CHOQUART Alain,LE BUREAU FILMS
Verdon secret,Docu,2014,BERTRAND Francois,CAMERA LUCIDA PRODUCTIONS
DIX MILLIONS DE CENTIMES,Fiction,2008,DERRAIS Bachir,PALESTRO FILMS
LOVE ET SES PETITS DESASTRES,Fiction,2005,KESHISHIAN Alek,EUROPACORP
RUE SANTA Fe,Documentaire,2005,CASTILLO Carmen,LES FILMS D'ICI
CHA CHA CHA,Fiction,2012,RISI Marco,BABE FILMS
LAYLA FOURIE,Fiction,2012,MARAIS Pia,CINEMA DEFACTO
LOVE LOVE LOVE,Fiction,2012,MERCIER Bruno,LES FRAISES SAUVAGES
NANA,Fiction,2012,MASSADIAN Valerie,GAiJIN
NATIONAL GALLERY,Documentaire,2012,WISEMAN Frederick,IDEALE AUDIENCE
ADRIENN PAL,Documentaire,2009,KOCSIS Agnes,CINEMA DEFACTO
NUE PROPRIeTe,Fiction,2006,LAFOSSE Joachim,MACT PRODUCTIONS
REQUIEM POUR BILLY THE KID,Documentaire,2006,FEINSILBER Anne,CARGO FILMS
ROMAN DE GARE,Fiction,2006,LELOUCH Claude,LES FILMS 13
CRIMES A OXFORD,Fiction,2007,DE LA IGLESIA Alex,LA FABRIQUE 2
MICROCLIMAT,Fiction,2007,HELIA Marie,PARIS BREST PRODUCTIONS
SOIT JE MEURS SOIT JE VAIS MIEUX,Fiction,2007,FERREIRA BARBOSA Laurence,ALFAMA FILMS PRODUCTION
SPLICE,Fiction,2007,NATALI Vincenzo,GAUMONT
I paisani,Docu,2015,MASSART Guillaume,TRIPTYQUE FILMS
Juste la fin du monde,Fiction,2015,DOLAN Xavier,MK PRODUCTIONS
Toro,Fiction,2015,MAILLO Kike,RAN ENTERTAINMENT
ENTENTE CORDIALE - FRIENDLY AGREEMENT,Documentaire,2010,SAUPER Hubert,ADELANTE FILMS
MARIMBAS DEL INFIERNO,Fiction,2010,HERNANDEZ CORDON Julio,LES FILMS DU REQUIN
Au bord du monde,Docu,2013,DREXEL Claus,DAISY DAY FILMS
Comment les chevres de ma mere sont devenues europeennes,Docu,2013,AUDIER Sophie,MILLE ET UNE PRODUCTIONS
Opium,Fiction,2013,DOMBASLE Arielle,MARGO CINEMA
Sarajeviens,Docu,2013,FRITSCH Damien,IMAGE SON KINESCOPE ET REALISATIONS AUDIOVISUELLES
The Giacomo Variations,Fiction,2013,STURMINGER Michael,ALFAMA FILMS PRODUCTION
Un intervalle de 9 minutes,Fiction,2013,PORUMBOIU Corneliu,LES FILMS DU WORSO
DEUX DE LA VAGUE,Documentaire,2010,LAURENT Emmanuel,FILMS A TROIS
DUBAI FLAMINGO,Fiction,2010,KREUTER Delphine,ALFAMA FILMS PRODUCTION
YO SOR ALICE,Fiction,2003,MARQUARDT Alberto,POINT DU JOUR
JC COMME JESUS CHRIST,Fiction,2012,ZACCAI Jonathan,VICIOUS
A CoTe,Documentaire,2006,MERCURIO Stephane,IMAGE SON KINESCOPE ET REALISATIONS AUDIOVISUELLES
HABANA BLUES,Fiction,2006,ZAMBRANO Benito,ORSANS PRODUCTIONS
CLOWN,Fiction,2007,PONTECORVO Marco,YALLA FILMS
COMME TOUT LE MONDE,Fiction,2005,RENDERS Pierre-Paul,REZO PRODUCTIONS
MON FReRE SE MARIE,Fiction,2005,BRON Jean-Stephane,LFP
NOCTURNES,Fiction,2005,COLOMER Henry,ARCHIPEL 35
REVOLVER,Fiction,2005,RITCHIE Guy,EUROPACORP
A love you,Fiction,2013,LEFEVRE Paul,ALY PRODUCTIONS
CIRKUS COLUMBIA,Fiction,2009,TANOVIC Danis,ASAP FILMS
AU SUIVANT!,Fiction,2004,BIRAS Jeanne,EUROPACORP
AU DIABLE STALINE VIVE LES MARIES !,Fiction,2008,MALAELE Horatiu,AGAT FILMS ET CIE
C'EST DUR D'ETRE AIME PAR DES CONS,Documentaire,2008,LECONTE Daniel,FILM EN STOCK
GENERATION ELECTRO,Documentaire,2008,CHEVALIER Christophe,ACACIA FILMS PRODUCTIONS
VENTS DE SABLE FEMMES DE ROC,Documentaire,2008,BORGERS Nathalie,LIAISON CINEMATOGRAPHIQUE
Amours et metamorphoses,Docu,2014,YARIV Yanira,ACIS PRODUCTIONS
Ares,Fiction,2014,BENES Jean-Patrick,ALBERTINE PRODUCTIONS
De notre situation economique,Fiction,2014,KEIDAN Elad,EZ FILMS
Evita,Fiction,2015,AGUERO Pablo,JBA PRODUCTION
Happy time will come soon,Fiction,2015,COMODIN Alessandro,SHELLAC SUD
In art we trust,Docu,2015,ROSSEL Benoit,ZADIG FILMS
Pere fils therapie !,Fiction,2015,GAUDREAULT Emile,INCOGNITA FILMS
Un jeune poete,Fiction,2015,MANIVEL Damien,FILM2FEEL PRODUCTION
GOLTZIUS,Fiction,2011,GREENAWAY Peter,CDP
REUSSIR SA VIE,Fiction,2011,FORGEARD Benoit,ECCE FILMS
Alexandre,Fiction,2018,OZON Francois,MANDARIN PRODUCTION
Chanson douce,Fiction,2018,BORLETEAU Lucie,PAN EUROPeENNE ET WHY NOT PRODUCTIONS
Impulso,Docu,2018,BELMONTE Emilio,LES PRODUCTIONS CINeMATOGRAPHIQUES DE LA BUTTE MONTMARTRE
Joyeux anniversaire,Fiction,2018,KAHN Cedric,LES FILMS DU WORSO
My Zoe,Fiction,2018,DELPY Julie,ELECTRICK FILMS ET TEMPeTE SOUS UN CRaNE PRODUCTION
Revenir,Fiction,2018,PALUD Jessica,FIN AOÃ›T PRODUCTIONS
Venise n'est pas en Italie,Fiction,2018,CALBERAC Ivan,ASIFILMS
Amant double,Fiction,2017,OZON Francois,MANDARIN PRODUCTION
Demain des l'aube,Fiction,2017,ACHOUR Lofti,TANIT FILMS
Dernier vide grenier de Clare Darling,Fiction,2017,BERTUCCELLI Julie,LES FILMS DU POISSON ET LE PREMIER POISSON
Hannah,Fiction,2017,PALLAORO Andrea,GOOD FORTUNE FILMS ET TO BE CONTINUED
Her job,Fiction,2017,CHARALABOPOULOS Nikos,SISTER PRODUCTIONS
Il se passe quelque chose,Fiction,2017,ALIX Anne,SHELLAC SUD
Knock,Fiction,2017,LEVY Lorraine,CURIOSA FILMS ET MOANA FILMS
L'ordine delle cose,Fiction,2017,SEGRE Andrea,MACT PRODUCTIONS
Lumiere !,Docu,2017,FREMEAUX Thierry,SORTIES D'USINE PRODUCTIONS
Muse,Fiction,2017,BALAGUERO Jaume,THE JOKERS FILMS
Place publique,Fiction,2017,JAOUI Agnes,SBS FILMS
Santa et Cie,Fiction,2017,CHABAT Alain,LeGENDAIRE ET GAUMONT
Si j'etais un homme,Fiction,2017,DANA Audrey,CURIOSA FILMS ET MOANA FILMS
Transit,Fiction,2017,PETZOLD Christian,NeON PRODUCTIONS
Un merveilleux couple,Fiction,2017,TADDICKEN Sven,ARSAM INTERNATIONAL
Voyez comme on danse,Fiction,2017,BLANC Michel,LES FILMS DU 24
Demain tout commence,Fiction,2016,GELIN Hugo,VENDOME PRODUCTION
Deux Remi deux,Fiction,2016,LEON Pierre,FERRIS & BROCKMAN
Marie Francine,Fiction,2016,LEMERCIER Valerie,RECTANGLE PRODUCTIONS
Mon poussin,Fiction,2016,FORESTIER Frederic,LES FILMS DU 24
Nos patriotes,Fiction,2016,LE BOMIN Gabriel,VERTIGO PRODUCTIONS
Pauline s'arrache,Docu,2016,BRISAVOINE Emilie,BATHYSPHERE PRODUCTIONS
Colo,Fiction,2016,VILLAVERDE Teresa,SEDNA FILMS
The Third Wave,Fiction,2016,FREYNE David,BAC FILMS PRODUCTION
Dans la gueule du requin,Fiction,2018,HAMON Emmanuel,EPITHeTE FILMS
Desrances,Fiction,2018,TRAORE Apolline,ARAUCANIA FILMS
Deux,Fiction,2018,MENEGHETTI Filippo,PAPRIKA FILMS
Jump,Fiction,2018,TVERDOVSKIY Ivan I.,ARIZONA PRODUCTIONS
Lola vers la mer,Fiction,2018,MICHELI Laurent,10 : 15 PRODUCTIONS
Monsieur Deligny,Docu,2018,COPANS Richard,LES FILMS HATARI ET LES FILMS D'ICI
Pari,Fiction,2018,ETEMADI Siamak,LE BUREAU FILMS
Ulysse et Mona,Fiction,2018,BETBEDER Sebastien,ENVIE DE TEMPeTE PRODUCTIONS
Alice T,Fiction,2017,MUNTEAN Radu,LES FILMS DE L'APReS-MIDI
Fleuve noir,Fiction,2017,ZONCA Eric,CURIOSA FILMS
Pauvre Georges,Fiction,2017,DEVERS Claire,MON VOISIN PRODUCTIONS
Premiere lecon,Fiction,2017,NOBRE Susana,CINeMA DEFACTO
Scandinavian silence,Fiction,2017,HELDE Martti,ARP
Coexister,Fiction,2016,EBOUE Fabrice,EUROPACORP
Indivision,Fiction,2016,KILANI Leila,I2MIND
Iris,Fiction,2016,LESPERT Jalil,WY PRODUCTIONS
Mes tresors,Fiction,2016,BOURDIAUX Pascal,RADAR FILMS
Tamara,Fiction,2016,CASTAGNETTI Alexandre,GAZELLE ET CIE
Un homme d'Etat,Fiction,2016,COURREGE Pierre,PLAN 2
Paula,Fiction,2016,SCHWOCHOW Christian,ALCATRAZ FILMS
Un conte indien,Fiction,2016,CABELLO REYES Hector,VINGT DEUX HEURES VINGT DEUX
Warrior's gate,Fiction,2016,HOENE Matthias,EUROPACORP
CONCORDIA,Fiction,2005,DELL'ISOLA Patrick,ACTES ET OCTOBRE PRODUCTION
AALTRA,Fiction,2004,DELEPINE Benoit,OF2B PRODUCTIONS
CACHE CACHE,Fiction,2004,CAUMON Yves,SUNDAY MORNING PRODUCTIONS
POUR UN SEUL DE MES DEUX YEUX,Documentaire,2004,MOGRABI Avi,LES FILMS D'ICI
CHANSONS D'AMOUR,Fiction,2007,HONORE Christophe,ALFAMA FILMS PRODUCTION
LA VIDA LOCA,Documentaire,2007,POVEDA Christian,LA FEMME ENDORMIE
AMNISTIE,Fiction,2010,ALIMANI Buyar,ARIZONA FILMS
EN ATTENDANT LA MER,Fiction,2010,KHUDOJNAZAROV Bakhtiar,SILKROAD PRODUCTION
De sas en sas,Fiction,2015,BRAKNI Rachida,CAPRICCI PRODUCTION
Shut in,Fiction,2015,BLACKBURN Farren,EUROPACORP
Son corps,Fiction,2015,JACQUOT Benoit,ALFAMA FILMS PRODUCTION
Boxe,Fiction,2013,SERBAN Florin,MOVIE PARTNERS IN MOTION FILM
Tabou,Fiction,2013,GOMES Miguel,SHELLAC SUD
Fausse route,Fiction,2014,PASTOLL Abner,SUPERBE FILMS
Loin de son absence,Fiction,2014,YEDAYA Keren,BIZIBI
KRACH,Fiction,2009,GENESTAL Fabrice,CINE NOMINE
RIEN DE PERSONNEL,Fiction,2009,GOKALP Mathias,KARE PRODUCTIONS
SIMON WERNER A DISPARU?,Fiction,2009,GOBERT Fabrice,2 4 7 FILMS
A LA RECHERCHE DE SIMON,Fiction,2011,KRUGER Jan,NEON PRODUCTIONS
PAUVRE RICHARD,Fiction,2011,CHIBANE Malik,ALHAMBRA FILMS
